url,Category AN,title,category,count_review,rating,count_photo,cits,rating_by_category,normalized_rating,title_yandex,address,lat,lon
https://www.tripadvisor.ru/Attraction_Review-g608960-d7237665-Reviews-Central_Fountain-Anapa_Krasnodar_Krai_Southern_District.html,–¥–æ—Å—Ç–æ–ø—Ä–∏–º–µ—á–∞—Ç–µ–ª—å–Ω–æ—Å—Ç–∏,Central Fountain,–ö—É–ª—å—Ç—É—Ä–Ω—ã–µ –æ–±—ä–µ–∫—Ç—ã –∏ –¥–æ—Å—Ç–æ–ø—Ä–∏–º–µ—á–∞—Ç–µ–ª—å–Ω–æ—Å—Ç–∏ ‚Ä¢ –§–æ–Ω—Ç–∞–Ω—ã,468.0,4.5,168.0,–û—á–µ–Ω—å –∫—Ä–∞—Å–∏–≤–æ üòç –≤–µ—á–µ—Ä–Ω–∏–π –∑–∞–∫–∞—Ç –ø–æ—Ç–æ–º –ø–æ—é—â–∏–µ —Ñ–æ–Ω—Ç–∞–Ω—ã —Ö–æ—Ä–æ—à–∏–π –æ—Ç–¥—ã—Ö –ø–æ—Å–ª–µ –º–æ—Ä—è –Ω–æ–≤—ã–µ –≤–ø–µ—á–∞—Ç–ª–µ–Ω–∏—è –∑–∞–≤–æ—Ä–∞–∂–∏–≤–∞—é—â–µ,2.803225806451613,2.2121747086439383,–§–æ–Ω—Ç–∞–Ω,"–†–æ—Å—Å–∏—è, –ö—Ä–∞—Å–Ω–æ–¥–∞—Ä—Å–∫–∏–π –∫—Ä–∞–π, –ê–Ω–∞–ø–∞, —É–ª–∏—Ü–∞ –ì–æ—Ä—å–∫–æ–≥–æ",44.895493,37.315606
https://www.tripadvisor.ru/Attraction_Review-g608960-d9865154-Reviews-Anapa_Embankment-Anapa_Krasnodar_Krai_Southern_District.html,–ø—Ä–∏—Ä–æ–¥–Ω—ã–µ –æ–±—ä–µ–∫—Ç—ã,–ù–∞–±–µ—Ä–µ–∂–Ω–∞—è –ê–Ω–∞–ø—ã,–ö—É–ª—å—Ç—É—Ä–Ω—ã–µ –æ–±—ä–µ–∫—Ç—ã –∏ –¥–æ—Å—Ç–æ–ø—Ä–∏–º–µ—á–∞—Ç–µ–ª—å–Ω–æ—Å—Ç–∏,402.0,4.0,332.0,"–Ø –¥–∞–≤–Ω–æ –Ω–µ –±—ã–ª–∞ –≤ –ê–Ω–∞–ø–µ –∏, –∫–æ–≥–¥–∞ —É–≤–∏–¥–µ–ª–∞ –∏—Ö –Ω–æ–≤—É—é –Ω–∞–±–µ—Ä–µ–∂–Ω—É—é, –æ–±–æ–º–ª–µ–ª–∞)) –ú–æ–∂–Ω–æ –ø—Ä–∏–¥–∏—Ä–∞—Ç—å—Å—è –≤–µ—á–Ω–æ –Ω–æ –ª–∏—á–Ω–æ –º–Ω–µ –æ—á–µ–Ω",2.713649025069638,2.444183128096673,–ù–∞–±–µ—Ä–µ–∂–Ω–∞—è –ê–Ω–∞–ø—ã,"–ù–∞–±–µ—Ä–µ–∂–Ω–∞—è —É–ª., 32, –ê–Ω–∞–ø–∞",44.898247,37.314562
https://www.tripadvisor.ru/Attraction_Review-g608960-d5504385-Reviews-Anapa_Dolphinarium_Nemo-Anapa_Krasnodar_Krai_Southern_District.html,—Ç–µ–º–∞—Ç–∏—á–µ—Å–∫–∏–µ –ø–∞—Ä–∫–∏,–ê–Ω–∞–ø—Å–∫–∏–π –¥–µ–ª—å—Ñ–∏–Ω–∞—Ä–∏–π –Ω–∞ –ü–∏–æ–Ω–µ—Ä—Å–∫–æ–º –ø—Ä–æ—Å–ø–µ–∫—Ç–µ 20–ê,–û–∫–µ–∞–Ω–∞—Ä–∏—É–º—ã,551.0,4.5,312.0,–≤–ª–µ–Ω–∏–∏ –≤ –¥–µ–ª—å—Ñ–∏–Ω–∞—Ä–∏–∏,2.9,2.759504132231405,–ù–µ–º–æ,"–ü–∏–æ–Ω–µ—Ä—Å–∫–∏–π –ø—Ä–æ—Å–ø., 20–ê/6, –ê–Ω–∞–ø–∞",44.923913,37.320509
https://www.tripadvisor.ru/Attraction_Review-g608960-d2331094-Reviews-Wildlife_Preserve_of_Bolshoy_Utrish-Anapa_Krasnodar_Krai_Southern_District.html,–ø—Ä–∏—Ä–æ–¥–Ω—ã–µ –æ–±—ä–µ–∫—Ç—ã,–ó–∞–ø–æ–≤–µ–¥–Ω–∏–∫ –£—Ç—Ä–∏—à,–ü—Ä–∏—Ä–æ–¥–Ω—ã–µ –∏ –∑–∞–ø–æ–≤–µ–¥–Ω—ã–µ –∑–æ–Ω—ã,280.0,4.0,363.0,–ë–æ–ª—å—à–æ–π –£—Ç—Ä–∏—à —Å–∞–º–æ–µ –∫—Ä–∞—Å–∏–≤–æ–µ –º–µ—Å—Ç–æ –≤ –æ–∫—Ä–µ—Å–Ω–æ—Å—Ç—è—Ö –ê–Ω–∞–ø—ã.,2.491919191919192,2.3081669691470053,–ì–æ—Å—É–¥–∞—Ä—Å—Ç–≤–µ–Ω–Ω—ã–π –ø—Ä–∏—Ä–æ–¥–Ω—ã–π –∑–∞–ø–æ–≤–µ–¥–Ω–∏–∫ –£—Ç—Ä–∏—à,"–°–µ–≤–µ—Ä–Ω–∞—è —É–ª., 41–í, –ê–Ω–∞–ø–∞",44.904102,37.329348
https://www.tripadvisor.ru/Attraction_Review-g608960-d2331025-Reviews-Gorgippiya_Anapa_Archeological_Museum-Anapa_Krasnodar_Krai_Southern_District.html,–∫—É–ª—å—Ç—É—Ä–Ω—ã–µ –∏–Ω—Å—Ç–∏—Ç—É—Ü–∏–∏,"–ê–Ω–∞–ø—Å–∫–∏–π –∞—Ä—Ö–µ–æ–ª–æ–≥–∏—á–µ—Å–∫–∏–π –º—É–∑–µ–π ""–ì–æ—Ä–≥–∏–ø–ø–∏—è""",–ò—Å—Ç–æ—Ä–∏—á–µ—Å–∫–∏–µ –º—É–∑–µ–∏,238.0,4.5,259.0,"–ì–æ—Ä–≥–∏–ø–ø–∏—é –æ—Ç–∫—Ä—ã–ª–∞ –¥–ª—è –º–µ–Ω—è –ø–æ–¥—Ä—É–≥–∞, –≤—ã—Ä–æ—Å—à–∞—è –≤ –ê–Ω–∞–ø–µ.",2.9,2.0454405463644862,–ê–Ω–∞–ø—Å–∫–∏–π –∞—Ä—Ö–µ–æ–ª–æ–≥–∏—á–µ—Å–∫–∏–π –º—É–∑–µ–π –ì–æ—Ä–≥–∏–ø–ø–∏—è - —Ñ–∏–ª–∏–∞–ª –ì–ë–£–ö –ö–ö –∫–≥–∏–∞–º–∑ –∏–º. –ï. –î. –§–µ–ª–∏—Ü—ã–Ω–∞,"–ù–∞–±–µ—Ä–µ–∂–Ω–∞—è —É–ª., 4, –ê–Ω–∞–ø–∞",44.896086,37.310271
https://www.tripadvisor.ru/Attraction_Review-g608960-d2331030-Reviews-The_Lighthouse-Anapa_Krasnodar_Krai_Southern_District.html,–¥–æ—Å—Ç–æ–ø—Ä–∏–º–µ—á–∞—Ç–µ–ª—å–Ω–æ—Å—Ç–∏,–ê–Ω–∞–ø—Å–∫–∏–π –º–∞—è–∫,–ü–∏—Ä—Å—ã –∏ –ø–ª—è–∂–Ω—ã–µ –ø—Ä–æ–º–µ–Ω–∞–¥—ã,414.0,4.5,186.0,—Å–∞–º–∏ –º–∞—è–∫,2.7846153846153845,2.163757855739377,–ê–Ω–∞–ø—Å–∫–∏–π –º–∞—è–∫,"–ö—Ä–µ–ø–æ—Å—Ç–Ω–∞—è —É–ª., 2/3, –ê–Ω–∞–ø–∞",44.888,37.299033
https://www.tripadvisor.ru/Attraction_Review-g608960-d7155646-Reviews-Water_Park_Golden_Beach-Anapa_Krasnodar_Krai_Southern_District.html,—Ç–µ–º–∞—Ç–∏—á–µ—Å–∫–∏–µ –ø–∞—Ä–∫–∏,–ê–∫–≤–∞–ø–∞—Ä–∫ –ó–æ–ª–æ—Ç–æ–π –ü–ª—è–∂,–ê–∫–≤–∞–ø–∞—Ä–∫–∏,289.0,4.0,143.0,"–í –∞–∫–≤–∞–ø–∞—Ä–∫–µ –±—ã–ª–∏ –≤–µ—Å—å –¥–µ–Ω—å,–∞—Ç—Ç—Ä–∞–∫—Ü–∏–æ–Ω–æ–≤ –º–æ—Ä–µ,–∫–∞–∂–¥—ã–π –Ω–∞–π–¥—ë—Ç —Å–µ–±–µ –ø–æ –≤–∫—É—Å—É,–º–æ–∂–Ω–æ –æ—á–µ–Ω—å –Ω–µ –ø–ª–æ—Ö–æ –ø–µ—Ä–µ–∫—É—Å–∏—Ç—å,—Ç—É–∞–ª–µ—Ç—ã —á–∏—Å—Ç",1.7828342407743496,1.7184403013804102,–ó–æ–ª–æ—Ç–æ–π –ø–ª—è–∂,"–ì—Ä–µ–±–µ–Ω—Å–∫–∞—è —É–ª., 2–ê, –ê–Ω–∞–ø–∞",44.899637,37.316799
https://www.tripadvisor.ru/Attraction_Review-g608960-d12293615-Reviews-Bora_Bora_Beach_Club_Anapa-Anapa_Krasnodar_Krai_Southern_District.html,–±–∞—Ä—ã –∏ –∫–ª—É–±—ã,Bora-Bora Beach Club Anapa,–ö–ª—É–±—ã –Ω–∞ –ø–ª—è–∂–µ –∏ —É –±–∞—Å—Å–µ–π–Ω–∞,97.0,4.0,84.0,—Å—Å–µ–π–Ω —Å –º–æ—Ä—Å–∫–æ–π –≤–æ–¥–æ–π,2.8,1.20744851584647,Bora Bora,"–ü–∏–æ–Ω–µ—Ä—Å–∫–∏–π –ø—Ä–æ—Å–ø., 20–ê, –ê–Ω–∞–ø–∞, –†–æ—Å—Å–∏—è",44.924286,37.320157
https://www.tripadvisor.ru/Attraction_Review-g608960-d8376050-Reviews-Okeanarium_Rif-Anapa_Krasnodar_Krai_Southern_District.html,—Ç–µ–º–∞—Ç–∏—á–µ—Å–∫–∏–µ –ø–∞—Ä–∫–∏,–û–∫–µ–∞–Ω–∞—Ä–∏—É–º –†–∏—Ñ,–û–∫–µ–∞–Ω–∞—Ä–∏—É–º—ã,83.0,4.0,177.0,"–ù–æ –æ–∫–µ–∞–Ω–∞—Ä–∏—É–º—É –†–ò–§ —ç—Ç–æ —É–¥–∞–ª–æ—Å—å!!! –ú–æ–ª–æ–¥—Ü—ã, —è —Ä–∞–¥ —á—Ç–æ —É –Ω–∞—Å –≤ –ê–Ω–∞–ø–µ –µ—Å—Ç—å —Ç–∞–∫–æ–π –æ–∫–µ–∞–Ω–∞—Ä–∏—É–º.",1.517942901019126,1.438238514496558,–†–∏—Ñ,"–ø—Ä–æ—Å–ø. –†–µ–≤–æ–ª—é—Ü–∏–∏, 3, –ê–Ω–∞–ø–∞",44.896035,37.300434
https://www.tripadvisor.ru/Attraction_Review-g608960-d2331074-Reviews-Sukko_Valley-Anapa_Krasnodar_Krai_Southern_District.html,–ø—Ä–∏—Ä–æ–¥–Ω—ã–µ –æ–±—ä–µ–∫—Ç—ã,–î–æ–ª–∏–Ω–∞ –°—É–∫–∫–æ,–ò—Å—Ç–æ—Ä–∏—á–µ—Å–∫–∏–µ –º–µ—Å—Ç–∞ –¥–ª—è –ø—Ä–æ–≥—É–ª–æ–∫ ‚Ä¢ –î–æ–ª–∏–Ω—ã,135.0,4.0,146.0,,1.5213007512450412,1.4472129311594748,–î–æ–ª–∏–Ω–∞ –°—É–∫–∫–æ,"1-–π –ø—Ä., 14, —Å–µ–ª–æ –°—É–∫–∫–æ",44.788426,37.39309
https://www.tripadvisor.ru/Attraction_Review-g608960-d2331069-Reviews-Tiki_Tak-Anapa_Krasnodar_Krai_Southern_District.html,—Ç–µ–º–∞—Ç–∏—á–µ—Å–∫–∏–µ –ø–∞—Ä–∫–∏,"–ê–∫–≤–∞–ø–∞—Ä–∫ ""–¢–∏–∫–∏-–¢–∞–∫""",–ê–∫–≤–∞–ø–∞—Ä–∫–∏,167.0,3.5,71.0,–û—Ç–ª–∏—á–Ω—ã–π –∞–∫–≤–∞–ø–∞—Ä–∫ –¥–ª—è —Å–∞–º—ã—Ö –º–∞–ª–µ–Ω—å–∫–∏—Ö.,1.230649402019638,1.198677585956913,–¢–∏–∫–∏-–¢–∞–∫,"–ü–∏–æ–Ω–µ—Ä—Å–∫–∏–π –ø—Ä–æ—Å–ø., 38, –ê–Ω–∞–ø–∞",44.94418,37.305758
https://www.tripadvisor.ru/Attraction_Review-g608960-d2331076-Reviews-Lion_s_Head_Castle-Anapa_Krasnodar_Krai_Southern_District.html,–¥–æ—Å—Ç–æ–ø—Ä–∏–º–µ—á–∞—Ç–µ–ª—å–Ω–æ—Å—Ç–∏,–ó–∞–º–æ–∫ ¬´–õ—å–≤–∏–Ω–∞—è –≥–æ–ª–æ–≤–∞¬ª,–ö—É–ª—å—Ç—É—Ä–Ω—ã–µ –æ–±—ä–µ–∫—Ç—ã –∏ –¥–æ—Å—Ç–æ–ø—Ä–∏–º–µ—á–∞—Ç–µ–ª—å–Ω–æ—Å—Ç–∏,95.0,4.5,95.0,–ó–∞–º–æ–∫ –õ—å–≤–∏–Ω–∞—è –ì–æ–ª–æ–≤–∞,1.613744141163496,1.3341217820841649,–ó–∞–º–æ–∫ –õ—å–≤–∏–Ω–∞—è –≥–æ–ª–æ–≤–∞,"–†–æ—Å—Å–∏—è, –ö—Ä–∞—Å–Ω–æ–¥–∞—Ä—Å–∫–∏–π –∫—Ä–∞–π, –º—É–Ω–∏—Ü–∏–ø–∞–ª—å–Ω–æ–µ –æ–±—Ä–∞–∑–æ–≤–∞–Ω–∏–µ –ê–Ω–∞–ø–∞, —Å–µ–ª–æ –°—É–∫–∫–æ, –†–µ—á–Ω–æ–π –ø–µ—Ä–µ—É–ª–æ–∫",44.802621,37.43977
https://www.tripadvisor.ru/Attraction_Review-g608960-d6474669-Reviews-Vysoky_Bereg_Beach-Anapa_Krasnodar_Krai_Southern_District.html,–ø—Ä–∏—Ä–æ–¥–Ω—ã–µ –æ–±—ä–µ–∫—Ç—ã,–ü–ª—è–∂ –í—ã—Å–æ–∫–∏–π –ë–µ—Ä–µ–≥,–ü–ª—è–∂–∏,214.0,3.5,125.0,–í—ã—Å–æ–∫–∏–π –±–µ—Ä–µ–≥,1.462299879012971,1.4327373720708154,–í—ã—Å–æ–∫–∏–π –±–µ—Ä–µ–≥,"–ú–∞–ª–∞—è –±—É—Ö—Ç–∞, 5, –ê–Ω–∞–ø–∞",44.893368,37.297935
https://www.tripadvisor.ru/Attraction_Review-g608960-d12584475-Reviews-Scarlet_Sails_Ship-Anapa_Krasnodar_Krai_Southern_District.html,–¥–æ—Å—Ç–æ–ø—Ä–∏–º–µ—á–∞—Ç–µ–ª—å–Ω–æ—Å—Ç–∏,–ö–æ—Ä–∞–±–ª–∏–∫ –ê–ª—ã–µ –ü–∞—Ä—É—Å–∞,–ü–∞–º—è—Ç–Ω–∏–∫–∏ –∏ —Å—Ç–∞—Ç—É–∏,57.0,4.5,13.0,"–æ—á–µ–Ω—å –æ–±—Ä–∞–¥–æ–≤–∞–ª–∞—Å—å —É–≤–∏–¥–µ–≤ –∫–æ—Ä–∞–±–ª–∏–∫ –∞–ª—ã–µ –ø–∞—Ä—É—Å–∞ –Ω–∞ –Ω–∞–±–µ—Ä–µ–∂–Ω–æ–π –≤ –ê–Ω–∞–ø–µ, –∫–∞–∫ –±—É–¥—Ç–æ –ø–æ–ø–∞–ª–∞ –≤ –¥–µ—Ç—Å—Ç–≤–æ, –ø—Ä–µ–∫—Ä–∞—Å–Ω—ã–π –≤–∏–¥",1.0916873449131512,1.0392609480383777,–ö–æ—Ä–∞–±–ª–∏–∫ –ê–ª—ã–µ –ü–∞—Ä—É—Å–∞,"–†–æ—Å—Å–∏—è, –ö—Ä–∞—Å–Ω–æ–¥–∞—Ä—Å–∫–∏–π –∫—Ä–∞–π, –ê–Ω–∞–ø–∞, –ù–∞–±–µ—Ä–µ–∂–Ω–∞—è —É–ª–∏—Ü–∞",44.896691,37.310385
https://www.tripadvisor.ru/Attraction_Review-g608960-d2331016-Reviews-Russian_Gate-Anapa_Krasnodar_Krai_Southern_District.html,–¥–æ—Å—Ç–æ–ø—Ä–∏–º–µ—á–∞—Ç–µ–ª—å–Ω–æ—Å—Ç–∏,–†—É—Å—Å–∫–∏–µ –≤–æ—Ä–æ—Ç–∞,–ò—Å—Ç–æ—Ä–∏—á–µ—Å–∫–∏–µ –¥–æ—Å—Ç–æ–ø—Ä–∏–º–µ—á–∞—Ç–µ–ª—å–Ω–æ—Å—Ç–∏ ‚Ä¢ –ê—Ä—Ö–∏—Ç–µ–∫—Ç—É—Ä–Ω—ã–µ –¥–æ—Å—Ç–æ–ø—Ä–∏–º–µ—á–∞—Ç–µ–ª—å–Ω–æ—Å—Ç–∏,108.0,4.0,89.0,–≤ —á–µ—Å—Ç—å,1.5092638544251449,1.2411863228890123,–†—É—Å—Å–∫–∏–µ –≤–æ—Ä–æ—Ç–∞,"–†–æ—Å—Å–∏—è, –ö—Ä–∞—Å–Ω–æ–¥–∞—Ä—Å–∫–∏–π –∫—Ä–∞–π, –ê–Ω–∞–ø–∞, —É–ª–∏—Ü–∞ –ü—É—à–∫–∏–Ω–∞",44.895597,37.311472
https://www.tripadvisor.ru/Attraction_Review-g608960-d2331086-Reviews-Lermontov_Arbour-Anapa_Krasnodar_Krai_Southern_District.html,–¥–æ—Å—Ç–æ–ø—Ä–∏–º–µ—á–∞—Ç–µ–ª—å–Ω–æ—Å—Ç–∏,–õ–µ—Ä–º–æ–Ω—Ç–æ–≤—Å–∫–∞—è –±–µ—Å–µ–¥–∫–∞,–ò—Å—Ç–æ—Ä–∏—á–µ—Å–∫–∏–µ –º–µ—Å—Ç–∞ –¥–ª—è –ø—Ä–æ–≥—É–ª–æ–∫,59.0,4.5,27.0,,1.171229666390957,1.0814582052166608,–ë–µ—Å–µ–¥–∫–∞ —É –º–æ—Ä—è,"–ü—Ä–∏–º–æ—Ä—Å–∫–∏–π –ø–µ—Ä., 26–í, —Å–µ–ª–æ –í–∏—Ç—è–∑–µ–≤–æ",44.990543,37.257053
https://www.tripadvisor.ru/Attraction_Review-g608960-d14138851-Reviews-Lastochkiny_Gnyozda-Anapa_Krasnodar_Krai_Southern_District.html,–ø—Ä–∏—Ä–æ–¥–Ω—ã–µ –æ–±—ä–µ–∫—Ç—ã,–õ–∞—Å—Ç–æ—á–∫–∏–Ω—ã –ì–Ω—ë–∑–¥–∞,–û–±–∑–æ—Ä–Ω—ã–µ –ø–ª–æ—â–∞–¥–∫–∏,12.0,4.5,30.0,–û—á–µ–Ω—å –∫—Ä–∞—Å–∏–≤–æ–µ –º–µ—Å—Ç–æ,1.087574913480206,1.004423212491188,–õ–∞—Å—Ç–æ—á–∫–∏–Ω—ã –≥–Ω—ë–∑–¥–∞,"–†–æ—Å—Å–∏—è, –ö—Ä–∞—Å–Ω–æ–¥–∞—Ä—Å–∫–∏–π –∫—Ä–∞–π, –º—É–Ω–∏—Ü–∏–ø–∞–ª—å–Ω–æ–µ –æ–±—Ä–∞–∑–æ–≤–∞–Ω–∏–µ –ê–Ω–∞–ø–∞, —Å–µ–ª–æ –°—É–ø—Å–µ—Ö, —Ä–∞–π–æ–Ω –õ—ã—Å–∞—è –ì–æ—Ä–∞",44.848129,37.343609
https://www.tripadvisor.ru/Attraction_Review-g608960-d10715756-Reviews-Crocodile_Farm-Anapa_Krasnodar_Krai_Southern_District.html,—Ç–µ–º–∞—Ç–∏—á–µ—Å–∫–∏–µ –ø–∞—Ä–∫–∏,–ö—Ä–æ–∫–æ–¥–∏–ª–æ–≤–∞—è —Ñ–µ—Ä–º–∞,–ó–æ–æ–ø–∞—Ä–∫–∏ ‚Ä¢ –§–µ—Ä–º—ã,62.0,2.5,37.0,,0.731112429615152,0.7144510606810558,–ö—Ä–æ–∫–æ–¥–∏–ª–æ–≤–∞—è —Ñ–µ—Ä–º–∞,"–ì—Ä–µ–±–µ–Ω—Å–∫–∞—è —É–ª., 4, –ê–Ω–∞–ø–∞",44.897902,37.316734
https://www.tripadvisor.ru/Attraction_Review-g608960-d12564312-Reviews-Solnechny_Ostrov_Park-Anapa_Krasnodar_Krai_Southern_District.html,–∑–µ–ª–µ–Ω—ã–µ –∑–æ–Ω—ã,"–ü–∞—Ä–∫ ""–°–æ–ª–Ω–µ—á–Ω—ã–π –û—Å—Ç—Ä–æ–≤""",–ü–∞—Ä–∫–∏ —Ä–∞–∑–≤–ª–µ—á–µ–Ω–∏–π –∏ —Ç–µ–º–∞—Ç–∏—á–µ—Å–∫–∏–µ –ø–∞—Ä–∫–∏,41.0,3.5,13.0,,2.7,0.8102228355156915,–ü–∞—Ä–∫ –∞—Ç—Ç—Ä–∞–∫—Ü–∏–æ–Ω–æ–≤ –°–æ–ª–Ω–µ—á–Ω—ã–π –û—Å—Ç—Ä–æ–≤,"–ü–∏–æ–Ω–µ—Ä—Å–∫–∏–π –ø—Ä–æ—Å–ø., 38–ê, –ê–Ω–∞–ø–∞",44.945388,37.304903
https://www.tripadvisor.ru/Attraction_Review-g608960-d10597171-Reviews-Zolotaya_Bukha_Beach-Anapa_Krasnodar_Krai_Southern_District.html,–ø—Ä–∏—Ä–æ–¥–Ω—ã–µ –æ–±—ä–µ–∫—Ç—ã,–ü–ª—è–∂ –ó–æ–ª–æ—Ç–∞—è –±—É—Ö—Ç–∞,–ü–ª—è–∂–∏,39.0,3.5,40.0,,0.7836118848653669,0.880973236739612,–ó–æ–ª–æ—Ç–∞—è –±—É—Ö—Ç–∞,"–ö–æ—Ä–¥–æ–Ω–Ω—ã–π –ø–µ—Ä., 1–ê, –ê–Ω–∞–ø–∞",44.897141,37.300382
https://www.tripadvisor.ru/Attraction_Review-g608960-d12950044-Reviews-Well_Room_of_Mineral_Water-Anapa_Krasnodar_Krai_Southern_District.html,–ø—Ä–∏—Ä–æ–¥–Ω—ã–µ –æ–±—ä–µ–∫—Ç—ã,–ë—é–≤–µ—Ç –º–∏–Ω–µ—Ä–∞–ª—å–Ω—ã—Ö –≤–æ–¥,–ö—É–ª—å—Ç—É—Ä–Ω—ã–µ –æ–±—ä–µ–∫—Ç—ã –∏ –¥–æ—Å—Ç–æ–ø—Ä–∏–º–µ—á–∞—Ç–µ–ª—å–Ω–æ—Å—Ç–∏,24.0,4.0,8.0,,0.8565966067358826,0.865595736277142,–ë—é–≤–µ—Ç,"–†–æ—Å—Å–∏—è, –ö—Ä–∞—Å–Ω–æ–¥–∞—Ä—Å–∫–∏–π –∫—Ä–∞–π, –ê–Ω–∞–ø–∞, –ø—Ä–æ—Å–ø–µ–∫—Ç –†–µ–≤–æ–ª—é—Ü–∏–∏",44.8942,37.299923
https://www.tripadvisor.ru/Attraction_Review-g608960-d2331090-Reviews-Church_of_St_Onuphrius-Anapa_Krasnodar_Krai_Southern_District.html,–∫—É–ª—å—Ç—É—Ä–Ω—ã–µ –∏–Ω—Å—Ç–∏—Ç—É—Ü–∏–∏,–•—Ä–∞–º –°–≤—è—Ç–æ–≥–æ –û–Ω—É—Ñ—Ä–∏—è,–¶–µ—Ä–∫–≤–∏ –∏ —Å–æ–±–æ—Ä—ã,42.0,4.5,11.0,–ö—Ä–∞—Å–∏–≤—ã–π —Ö—Ä–∞–º –ø—Ä—è–º–æ –≤–æ–∑–ª–µ –Ω–∞–±–µ—Ä–µ–∂–Ω–æ–π.,1.1189416307063365,1.0065280756750812,–•—Ä–∞–º –≤–æ –∏–º—è –ø—Ä–µ–ø–æ–¥–æ–±–Ω–æ–≥–æ –û–Ω—É—Ñ—Ä–∏—è –í–µ–ª–∏–∫–æ–≥–æ,"–°–æ–±–æ—Ä–Ω–∞—è —É–ª., 7, –ê–Ω–∞–ø–∞",44.895263,37.309512
https://www.tripadvisor.ru/Attraction_Review-g608960-d6491323-Reviews-The_Bathyscaphe_Marine_Aquarium-Anapa_Krasnodar_Krai_Southern_District.html,—Ç–µ–º–∞—Ç–∏—á–µ—Å–∫–∏–µ –ø–∞—Ä–∫–∏,–ë–∞—Ç–∏—Å–∫–∞—Ñ-–ú–æ—Ä—Å–∫–æ–π –ê–∫–≤–∞—Ä–∏—É–º,–û–∫–µ–∞–Ω–∞—Ä–∏—É–º—ã,47.0,4.0,46.0,,1.0327353529712875,1.0120212186207898,–ë–∞—Ç–∏—Å–∫–∞—Ñ,"—É–ª. –ü—Ä–æ—Ç–∞–ø–æ–≤–∞, 1/1, –ê–Ω–∞–ø–∞, –†–æ—Å—Å–∏—è",44.888328,37.300211
https://www.tripadvisor.ru/Attraction_Review-g608960-d6493846-Reviews-Temple_of_St_Seraphim_of_Sarov-Anapa_Krasnodar_Krai_Southern_District.html,–∫—É–ª—å—Ç—É—Ä–Ω—ã–µ –∏–Ω—Å—Ç–∏—Ç—É—Ü–∏–∏,–•—Ä–∞–º –ü—Ä–µ–ø–æ–¥–æ–±–Ω–æ–≥–æ –°–µ—Ä–∞—Ñ–∏–º–∞ –°–∞—Ä–æ–≤—Å–∫–æ–≥–æ,–ö—É–ª—å—Ç—É—Ä–Ω—ã–µ –æ–±—ä–µ–∫—Ç—ã –∏ –¥–æ—Å—Ç–æ–ø—Ä–∏–º–µ—á–∞—Ç–µ–ª—å–Ω–æ—Å—Ç–∏,39.0,4.5,17.0,,1.1295026118555531,1.0176123551969125,–°–µ—Ä–∞—Ñ–∏–º–æ–≤—Å–∫–∞—è —Ü–µ—Ä–∫–æ–≤—å,"—É–ª. –ú–∞—è–∫–æ–≤—Å–∫–æ–≥–æ, 111–í, –ê–Ω–∞–ø–∞",44.884601,37.32617
https://www.tripadvisor.ru/Attraction_Review-g608960-d10001393-Reviews-Children_Aquapark_Osminozhka-Anapa_Krasnodar_Krai_Southern_District.html,—Ç–µ–º–∞—Ç–∏—á–µ—Å–∫–∏–µ –ø–∞—Ä–∫–∏,–î–µ—Ç—Å–∫–∏–π –∞–∫–≤–∞–ø–∞—Ä–∫ –û—Å—å–º–∏–Ω–æ–∂–∫–∞,–ê–∫–≤–∞–ø–∞—Ä–∫–∏,20.0,4.0,13.0,,0.8779643073200242,0.8721103128296661,–û—Å—å–º–∏–Ω–æ–∂–∫–∞,"—É–ª. –ö–∞–ª–∏–Ω–∏–Ω–∞, 30, –ê–Ω–∞–ø–∞",44.893274,37.304662
https://www.tripadvisor.ru/Attraction_Review-g608960-d2588111-Reviews-Archaeological_Museum_and_Preserve-Anapa_Krasnodar_Krai_Southern_District.html,–∫—É–ª—å—Ç—É—Ä–Ω—ã–µ –∏–Ω—Å—Ç–∏—Ç—É—Ü–∏–∏,–ê—Ä—Ö–µ–æ–ª–æ–≥–∏—á–µ—Å–∫–∏–π –º—É–∑–µ–π-–∑–∞–ø–æ–≤–µ–¥–Ω–∏–∫,–ò—Å—Ç–æ—Ä–∏—á–µ—Å–∫–∏–µ –º—É–∑–µ–∏,41.0,4.5,27.0,,1.1765160118101294,1.048790328628639,–ê–Ω–∞–ø—Å–∫–∏–π –∞—Ä—Ö–µ–æ–ª–æ–≥–∏—á–µ—Å–∫–∏–π –º—É–∑–µ–π –ì–æ—Ä–≥–∏–ø–ø–∏—è - —Ñ–∏–ª–∏–∞–ª –ì–ë–£–ö –ö–ö –∫–≥–∏–∞–º–∑ –∏–º. –ï. –î. –§–µ–ª–∏—Ü—ã–Ω–∞,"–ù–∞–±–µ—Ä–µ–∂–Ω–∞—è —É–ª., 4, –ê–Ω–∞–ø–∞",44.896086,37.310271
https://www.tripadvisor.ru/Attraction_Review-g608960-d2331036-Reviews-Museum_of_Local_History-Anapa_Krasnodar_Krai_Southern_District.html,–∫—É–ª—å—Ç—É—Ä–Ω—ã–µ –∏–Ω—Å—Ç–∏—Ç—É—Ü–∏–∏,–ê–Ω–∞–ø—Å–∫–∏–π –∫—Ä–∞–µ–≤–µ–¥—á–µ—Å–∫–∏–π –º—É–∑–µ–π,–ò—Å—Ç–æ—Ä–∏—á–µ—Å–∫–∏–µ –º—É–∑–µ–∏,41.0,4.0,28.0,,1.0803770156711334,0.9515451495652784,–ö—Ä–∞–µ–≤–µ–¥—á–µ—Å–∫–∏–π –º—É–∑–µ–π,"—É–ª. –ü—Ä–æ—Ç–∞–ø–æ–≤–∞, 1, –ê–Ω–∞–ø–∞",44.888513,37.300696
https://www.tripadvisor.ru/Attraction_Review-g608960-d6494129-Reviews-The_Chapel_of_the_Prophet_Hosea-Anapa_Krasnodar_Krai_Southern_District.html,–∫—É–ª—å—Ç—É—Ä–Ω—ã–µ –∏–Ω—Å—Ç–∏—Ç—É—Ü–∏–∏,–ß–∞—Å–æ–≤–Ω—è –≤–æ –∏–º—è –ø—Ä–æ—Ä–æ–∫–∞ –û—Å–∏–∏,–ö—É–ª—å—Ç—É—Ä–Ω—ã–µ –æ–±—ä–µ–∫—Ç—ã –∏ –¥–æ—Å—Ç–æ–ø—Ä–∏–º–µ—á–∞—Ç–µ–ª—å–Ω–æ—Å—Ç–∏,31.0,4.0,28.0,,1.0383602089484445,0.9333963292385996,–ß–∞—Å–æ–≤–Ω—è –û—Å–∏–∏ –ü—Ä–æ—Ä–æ–∫–∞ –≤ –ê–Ω–∞–ø–µ,"–†–æ—Å—Å–∏—è, –ö—Ä–∞—Å–Ω–æ–¥–∞—Ä—Å–∫–∏–π –∫—Ä–∞–π, –ê–Ω–∞–ø–∞, –¶–µ–Ω—Ç—Ä–∞–ª—å–Ω—ã–π —Å–∫–≤–µ—Ä",44.894754,37.315812
https://www.tripadvisor.ru/Attraction_Review-g608960-d6493942-Reviews-Temple_of_the_Great_Reverend_Onufriy-Anapa_Krasnodar_Krai_Southern_District.html,–∫—É–ª—å—Ç—É—Ä–Ω—ã–µ –∏–Ω—Å—Ç–∏—Ç—É—Ü–∏–∏,–•—Ä–∞–º –ü—Ä–µ–ø–æ–¥–æ–±–Ω–æ–≥–æ –û–Ω—É—Ñ—Ä–∏—è –í–µ–ª–∏–∫–æ–≥–æ,–ö—É–ª—å—Ç—É—Ä–Ω—ã–µ –æ–±—ä–µ–∫—Ç—ã –∏ –¥–æ—Å—Ç–æ–ø—Ä–∏–º–µ—á–∞—Ç–µ–ª—å–Ω–æ—Å—Ç–∏,14.0,4.5,8.0,,0.9897115602997956,0.9474469159504632,–•—Ä–∞–º –≤–æ –∏–º—è –ø—Ä–µ–ø–æ–¥–æ–±–Ω–æ–≥–æ –û–Ω—É—Ñ—Ä–∏—è –í–µ–ª–∏–∫–æ–≥–æ,"–°–æ–±–æ—Ä–Ω–∞—è —É–ª., 7, –ê–Ω–∞–ø–∞",44.895263,37.309512
https://www.tripadvisor.ru/Attraction_Review-g608960-d17065464-Reviews-White_Hat_Monument-Anapa_Krasnodar_Krai_Southern_District.html,–¥–æ—Å—Ç–æ–ø—Ä–∏–º–µ—á–∞—Ç–µ–ª—å–Ω–æ—Å—Ç–∏,–ü–∞–º—è—Ç–Ω–∏–∫ –ë–µ–ª–æ–π —à–ª—è–ø–µ,–ü–∞–º—è—Ç–Ω–∏–∫–∏ –∏ —Å—Ç–∞—Ç—É–∏,17.0,5.0,8.0,"–®–ª–∏ –ø–µ—à–∫–æ–º —Å –í–∏—Ç—è–∑–µ–≤–æ –≤ –ê–Ω–∞–ø—É, –ø–æ –¥–æ—Ä–æ–≥–µ –∫—É–ø–∏–ª–∏ —à–ª—è–ø—É –º—É–∂—É —É –º–µ—Å—Ç–Ω—ã—Ö —Ç–æ—Ä–æ–≤—Ü–µ–≤) –ù—É –∏ –Ω–µ —Å—Ñ–æ—Ç–∫–∞—Ç—Å—è –≤ –ê–Ω–∞–ø–µ –≤ —à–ª—è–ø–µ —É —à–ª",1.0793355390129584,1.052891562048467,–ë–µ–ª–∞—è —à–ª—è–ø–∞,"–†–æ—Å—Å–∏—è, –ö—Ä–∞—Å–Ω–æ–¥–∞—Ä—Å–∫–∏–π –∫—Ä–∞–π, –ê–Ω–∞–ø–∞, –ø–∞—Ä–∫ –∏–º–µ–Ω–∏ 30-–ª–µ—Ç–∏—è –ü–æ–±–µ–¥—ã",44.896385,37.31474
https://www.tripadvisor.ru/Attraction_Review-g608960-d2331043-Reviews-Ocean_Park-Anapa_Krasnodar_Krai_Southern_District.html,—Ç–µ–º–∞—Ç–∏—á–µ—Å–∫–∏–µ –ø–∞—Ä–∫–∏,Ocean Park,–ê–∫–≤–∞–ø–∞—Ä–∫–∏ ‚Ä¢ –û–∫–µ–∞–Ω–∞—Ä–∏—É–º—ã,32.0,3.5,29.0,,0.85102494299409,0.8379660322079066,–ê–Ω–∞–ø–∞-–û–∫–µ–∞–Ω,"—É–ª. –õ–µ–Ω–∏–Ω–∞, 3, –ê–Ω–∞–ø–∞",44.896591,37.306642
https://www.tripadvisor.ru/Attraction_Review-g608960-d6502195-Reviews-City_Theatre-Anapa_Krasnodar_Krai_Southern_District.html,–∫—É–ª—å—Ç—É—Ä–Ω—ã–µ –∏–Ω—Å—Ç–∏—Ç—É—Ü–∏–∏,–ì–æ—Ä–æ–¥—Å–∫–æ–π —Ç–µ–∞—Ç—Ä,–¢–µ–∞—Ç—Ä—ã,22.0,4.5,21.0,,1.0735180558709971,0.9977786443881148,–ì–æ—Ä–æ–¥—Å–∫–æ–π —Ç–µ–∞—Ç—Ä,"–ö—Ä—ã–º—Å–∫–∞—è —É–ª., 119, –ê–Ω–∞–ø–∞",44.896224,37.32003
https://www.tripadvisor.ru/Attraction_Review-g608960-d17065479-Reviews-Monument_to_Korytin-Anapa_Krasnodar_Krai_Southern_District.html,–¥–æ—Å—Ç–æ–ø—Ä–∏–º–µ—á–∞—Ç–µ–ª—å–Ω–æ—Å—Ç–∏,–ü–∞–º—è—Ç–Ω–∏–∫ –ö–æ—Ä—ã—Ç–∏–Ω—É,–ü–∞–º—è—Ç–Ω–∏–∫–∏ –∏ —Å—Ç–∞—Ç—É–∏,4.0,5.0,5.0,,1.035428728977116,1.0210336328138672,–ü–∞–º—è—Ç–Ω–∏–∫ –ê. –°. –ö–æ—Ä—ã—Ç–∏–Ω—É,"–†–æ—Å—Å–∏—è, –ö—Ä–∞—Å–Ω–æ–¥–∞—Ä—Å–∫–∏–π –∫—Ä–∞–π, –ê–Ω–∞–ø–∞, —Å–∫–≤–µ—Ä –∏–º–µ–Ω–∏ –ò.–í. –ì—É–¥–æ–≤–∏—á–∞",44.889165,37.301854
https://www.tripadvisor.ru/Attraction_Review-g608960-d14132580-Reviews-The_Black_Sea_Research_Center_Bolshoi_Utrish-Anapa_Krasnodar_Krai_Southern_Distr.html,–∫—É–ª—å—Ç—É—Ä–Ω—ã–µ –∏–Ω—Å—Ç–∏—Ç—É—Ü–∏–∏,–¶–µ–Ω—Ç—Ä –∏–∑—É—á–µ–Ω–∏—è –ß–µ—Ä–Ω–æ–≥–æ –º–æ—Ä—è –ë–æ–ª—å—à–æ–π –£—Ç—Ä–∏—à,–û–∫–µ–∞–Ω–∞—Ä–∏—É–º—ã,11.0,5.0,60.0,–ó–∞—Ç–µ–º –ø—Ä–∏—Å—Ç—É–ø–∏–ª–∏ –≤ –ª–∞–±–æ—Ä–∞—Ç–æ—Ä–∏–∏ –∫ –æ–∑–Ω–∞–∫–æ–º–ª–µ–Ω–∏—é —Å –º–∏–∫—Ä–æ—Ñ–ª–æ—Ä–æ–π –∏ —Ñ–∞—É–Ω–æ–π –ß–µ—Ä–Ω–æ–≥–æ –º–æ—Ä—è.,1.2778787190551897,1.185252958557694,–¶–µ–Ω—Ç—Ä –∏–∑—É—á–µ–Ω–∏—è –ß–µ—Ä–Ω–æ–≥–æ –º–æ—Ä—è,"–†–æ—Å—Å–∏—è, –ö—Ä–∞—Å–Ω–æ–¥–∞—Ä—Å–∫–∏–π –∫—Ä–∞–π, –º—É–Ω–∏—Ü–∏–ø–∞–ª—å–Ω–æ–µ –æ–±—Ä–∞–∑–æ–≤–∞–Ω–∏–µ –ê–Ω–∞–ø–∞, –ø–æ—Å—ë–ª–æ–∫ –ë–æ–ª—å—à–æ–π –£—Ç—Ä–∏—à",44.759497,37.385322
https://www.tripadvisor.ru/Attraction_Review-g608960-d17065465-Reviews-Monument_to_A_D_Bezkrovny-Anapa_Krasnodar_Krai_Southern_District.html,–¥–æ—Å—Ç–æ–ø—Ä–∏–º–µ—á–∞—Ç–µ–ª—å–Ω–æ—Å—Ç–∏,–ü–∞–º—è—Ç–Ω–∏–∫ –ë–µ–∑–∫—Ä–æ–≤–Ω–æ–º—É –ê. –î.,–ü–∞–º—è—Ç–Ω–∏–∫–∏ –∏ —Å—Ç–∞—Ç—É–∏,3.0,5.0,5.0,,1.033291976840364,1.0192187507811992,–ê–ª–µ–∫—Å–µ–π –î–∞–Ω–∏–ª–æ–≤–∏—á –ë–µ–∑–∫—Ä–æ–≤–Ω—ã–π,"–†–æ—Å—Å–∏—è, –ö—Ä–∞—Å–Ω–æ–¥–∞—Ä—Å–∫–∏–π –∫—Ä–∞–π, –ê–Ω–∞–ø–∞, —É–ª–∏—Ü–∞ –ü—É—à–∫–∏–Ω–∞",44.895462,37.31142
https://www.tripadvisor.ru/Attraction_Review-g608960-d17065477-Reviews-Military_Glory_City_Stella-Anapa_Krasnodar_Krai_Southern_District.html,–¥–æ—Å—Ç–æ–ø—Ä–∏–º–µ—á–∞—Ç–µ–ª—å–Ω–æ—Å—Ç–∏,–°—Ç–µ–ª–∞ –ì–æ—Ä–æ–¥ –≤–æ–∏–Ω—Å–∫–æ–π —Å–ª–∞–≤—ã,–ü–∞–º—è—Ç–Ω–∏–∫–∏ –∏ —Å—Ç–∞—Ç—É–∏,2.0,5.0,7.0,–≤–æ–∏–Ω—Å–∫–æ–π —Å–ª–∞–≤—ã,1.0419079128756548,1.0229135106218097,–°—Ç–µ–ª–∞ –ì–æ—Ä–æ–¥ –≤–æ–∏–Ω—Å–∫–æ–π —Å–ª–∞–≤—ã,"–†–æ—Å—Å–∏—è, –ö—Ä–∞—Å–Ω–æ–¥–∞—Ä—Å–∫–∏–π –∫—Ä–∞–π, –ê–Ω–∞–ø–∞, —É–ª–∏—Ü–∞ –õ–µ–Ω–∏–Ω–∞",44.896415,37.314704
https://www.tripadvisor.ru/Attraction_Review-g608960-d6491488-Reviews-White_Square_Art_Gallery-Anapa_Krasnodar_Krai_Southern_District.html,–∫—É–ª—å—Ç—É—Ä–Ω—ã–µ –∏–Ω—Å—Ç–∏—Ç—É—Ü–∏–∏,–ë–µ–ª—ã–π –∫–≤–∞–¥—Ä–∞—Ç,–•—É–¥–æ–∂–µ—Å—Ç–≤–µ–Ω–Ω—ã–µ –≥–∞–ª–µ—Ä–µ–∏,25.0,4.5,12.0,,1.051374063138769,0.9784299020563664,–•—É–¥–æ–∂–µ—Å—Ç–≤–µ–Ω–Ω–∞—è –≥–∞–ª–µ—Ä–µ—è –ë–µ–ª—ã–π –ö–≤–∞–¥—Ä–∞—Ç,"—É–ª. –ì–æ—Ä—å–∫–æ–≥–æ, 8, –ê–Ω–∞–ø–∞",44.89645,37.31769
https://www.tripadvisor.ru/Attraction_Review-g608960-d6502096-Reviews-Balu_Zoo-Anapa_Krasnodar_Krai_Southern_District.html,—Ç–µ–º–∞—Ç–∏—á–µ—Å–∫–∏–µ –ø–∞—Ä–∫–∏,–ë–∞–ª—É,–ó–æ–æ–ø–∞—Ä–∫–∏,22.0,3.5,19.0,,0.8008248406161292,0.7922690025148366,–ú–∏—Ä –∂–∏–≤–æ—Ç–Ω—ã—Ö,"—É–ª. –ì–æ—Ä—å–∫–æ–≥–æ, 1–ë, –ê–Ω–∞–ø–∞",44.895098,37.313408
https://www.tripadvisor.ru/Attraction_Review-g608960-d15017247-Reviews-Water_Park_Laskovy_Bereg-Anapa_Krasnodar_Krai_Southern_District.html,—Ç–µ–º–∞—Ç–∏—á–µ—Å–∫–∏–µ –ø–∞—Ä–∫–∏,"–ê–∫–≤–∞–ø–∞—Ä–∫ ""–õ–∞—Å–∫–æ–≤—ã–π –±–µ—Ä–µ–≥""",–ê–∫–≤–∞–ø–∞—Ä–∫–∏,1.0,3.0,9.0,,0.6306610358788218,0.6266082704624201,–õ–∞—Å–∫–æ–≤—ã–π –±–µ—Ä–µ–≥,"–ü–æ–≥—Ä–∞–Ω–∏—á–Ω—ã–π –ø–µ—Ä., 46, —Å—Ç–∞–Ω–∏—Ü–∞ –ë–ª–∞–≥–æ–≤–µ—â–µ–Ω—Å–∫–∞—è",45.051282,37.119803
https://www.tripadvisor.ru/Attraction_Review-g608960-d17065481-Reviews-Memorial_to_Those_who_Died_Fighting_for_the_Motherland_and_Fascism_Victims-Anapa.html,–¥–æ—Å—Ç–æ–ø—Ä–∏–º–µ—á–∞—Ç–µ–ª—å–Ω–æ—Å—Ç–∏,–ú–µ–º–æ—Ä–∏–∞–ª –ü–∞–≤—à–∏–º –≤ –±–æ—è—Ö –∑–∞ –†–æ–¥–∏–Ω—É –∏ –∂–µ—Ä—Ç–≤–∞–º —Ñ–∞—à–∏–∑–º–∞,–ü–∞–º—è—Ç–Ω–∏–∫–∏ –∏ —Å—Ç–∞—Ç—É–∏,1.0,4.0,8.0,,0.8451475048249242,0.8238534495257809,–ü–∞–≤—à–∏–º –≤ –±–æ—è—Ö –∑–∞ –†–æ–¥–∏–Ω—É –∏ –∂–µ—Ä—Ç–≤–∞–º —Ñ–∞—à–∏–∑–º–∞,"–†–æ—Å—Å–∏—è, –ö—Ä–∞—Å–Ω–æ–¥–∞—Ä—Å–∫–∏–π –∫—Ä–∞–π, –ê–Ω–∞–ø–∞, —É–ª–∏—Ü–∞ –ü—Ä–æ—Ç–∞–ø–æ–≤–∞",44.887811,37.300142
https://www.tripadvisor.ru/Attraction_Review-g608960-d11871802-Reviews-Einshteinium_Museum-Anapa_Krasnodar_Krai_Southern_District.html,–∫—É–ª—å—Ç—É—Ä–Ω—ã–µ –∏–Ω—Å—Ç–∏—Ç—É—Ü–∏–∏,"–ú—É–∑–µ–π ""–≠–π–Ω—à—Ç–µ–π–Ω–∏—É–º""",–ù–∞—É—á–Ω—ã–µ –º—É–∑–µ–∏ ‚Ä¢ –î–µ—Ç—Å–∫–∏–µ –º—É–∑–µ–∏,1.0,5.0,11.0,,1.0466727231433113,1.032117912335698,–≠–π–Ω—à—Ç–µ–π–Ω–∏—É–º,"–ö—Ä—ã–º—Å–∫–∞—è —É–ª., 272, –ê–Ω–∞–ø–∞",44.901101,37.333633
https://www.tripadvisor.ru/Attraction_Review-g608960-d17065476-Reviews-Chapel_of_the_Osiyevskiy_Church-Anapa_Krasnodar_Krai_Southern_District.html,–∫—É–ª—å—Ç—É—Ä–Ω—ã–µ –∏–Ω—Å—Ç–∏—Ç—É—Ü–∏–∏,–ß–∞—Å–æ–≤–Ω—è –û—Å–∏–µ–≤—Å–∫–æ–≥–æ —Ö—Ä–∞–º–∞,–ö—É–ª—å—Ç—É—Ä–Ω—ã–µ –æ–±—ä–µ–∫—Ç—ã –∏ –¥–æ—Å—Ç–æ–ø—Ä–∏–º–µ—á–∞—Ç–µ–ª—å–Ω–æ—Å—Ç–∏,1.0,4.0,2.0,,0.8119236883942766,0.8073245239059461,–ß–∞—Å–æ–≤–Ω—è –û—Å–∏–∏ –ü—Ä–æ—Ä–æ–∫–∞ –≤ –ê–Ω–∞–ø–µ,"–†–æ—Å—Å–∏—è, –ö—Ä–∞—Å–Ω–æ–¥–∞—Ä—Å–∫–∏–π –∫—Ä–∞–π, –ê–Ω–∞–ø–∞, –¶–µ–Ω—Ç—Ä–∞–ª—å–Ω—ã–π —Å–∫–≤–µ—Ä",44.894754,37.315812
https://www.tripadvisor.ru/Attraction_Review-g608960-d2332107-Reviews-The_Crypt_Sklep_Heroon-Anapa_Krasnodar_Krai_Southern_District.html,–¥–æ—Å—Ç–æ–ø—Ä–∏–º–µ—á–∞—Ç–µ–ª—å–Ω–æ—Å—Ç–∏,–°–∫–ª–µ–ø –≥–µ—Ä–æ–æ–Ω,–ò—Å—Ç–æ—Ä–∏—á–µ—Å–∫–∏–µ –¥–æ—Å—Ç–æ–ø—Ä–∏–º–µ—á–∞—Ç–µ–ª—å–Ω–æ—Å—Ç–∏ ‚Ä¢ –î—Ä–µ–≤–Ω–∏–µ —Ä—É–∏–Ω—ã,10.0,3.0,7.0,,0.659001929969672,0.6374325668831526,–°–∫–ª–µ–ø –ì–µ—Ä–æ–æ–Ω,"—É–ª. –ß–µ—Ö–æ–≤–∞, 50–ê, –ê–Ω–∞–ø–∞",44.8878,37.340128
https://www.tripadvisor.ru/Attraction_Review-g608960-d17065463-Reviews-Central_Beach-Anapa_Krasnodar_Krai_Southern_District.html,–ø—Ä–∏—Ä–æ–¥–Ω—ã–µ –æ–±—ä–µ–∫—Ç—ã,–¶–µ–Ω—Ç—Ä–∞–ª—å–Ω—ã–π –ø–ª—è–∂,–ü–ª—è–∂–∏,6.0,2.0,4.0,,0.0,0.4219085759425637,"–û–±—ä–µ–¥–∏–Ω–µ–Ω–∏–µ –∫—É—Ä–æ—Ä—Ç–Ω—ã—Ö —É—Å–ª—É–≥ –¶–µ–Ω—Ç—Ä–∞–ª—å–Ω—ã–π –ø–ª—è–∂, –æ—Ñ–∏—Å","–ù–∞–±–µ—Ä–µ–∂–Ω–∞—è —É–ª., 3–í, –ê–Ω–∞–ø–∞",44.902186,37.317021
https://www.tripadvisor.ru/Attraction_Review-g608960-d6854670-Reviews-Bugaz_Spit-Anapa_Krasnodar_Krai_Southern_District.html,–ø—Ä–∏—Ä–æ–¥–Ω—ã–µ –æ–±—ä–µ–∫—Ç—ã,–ë—É–≥–∞–∑—Å–∫–∞—è –∫–æ—Å–∞,–î—Ä—É–≥–∏–µ –≤–∏–¥—ã –∞–∫—Ç–∏–≤–Ω–æ–≥–æ –æ—Ç–¥—ã—Ö–∞ –Ω–∞ –æ—Ç–∫—Ä—ã—Ç–æ–º –≤–æ–∑–¥—É—Ö–µ,92.0,4.0,124.0,,1.3514335556118289,1.3085669431486957,–ë—É–≥–∞–∑—Å–∫–∞—è –ö–æ—Å–∞,"–°–æ–≤–µ—Ç—Å–∫–∞—è —É–ª., 3, –ø–æ—Å—ë–ª–æ–∫ –í–µ—Å–µ–ª–æ–≤–∫–∞",45.131983,36.899861
https://www.tripadvisor.ru/Attraction_Review-g608960-d8043767-Reviews-Cinema_Centre_on_Red_Square-Anapa_Krasnodar_Krai_Southern_District.html,–∫—É–ª—å—Ç—É—Ä–Ω—ã–µ –∏–Ω—Å—Ç–∏—Ç—É—Ü–∏–∏,–ö–∏–Ω–æ—Ü–µ–Ω—Ç—Ä –ù–∞ –ö—Ä–∞—Å–Ω–æ–π –ü–ª–æ—â–∞–¥–∏,–ö–∏–Ω–æ—Ç–µ–∞—Ç—Ä—ã,33.0,4.0,6.0,,0.9618214853508972,0.8764200326978746,–ú–æ–Ω–∏—Ç–æ—Ä –Ω–∞ –ö—Ä–∞—Å–Ω–æ–π –ü–ª–æ—â–∞–¥–∏,"–ê—Å—Ç—Ä–∞—Ö–∞–Ω—Å–∫–∞—è —É–ª., 99, –ê–Ω–∞–ø–∞",44.879422,37.339031
https://www.tripadvisor.ru/Attraction_Review-g608960-d21383119-Reviews-Solod-Anapa_Krasnodar_Krai_Southern_District.html,–±–∞—Ä—ã –∏ –∫–ª—É–±—ã,–°–æ–ª–æ–¥,–ë–∞—Ä—ã –∏ –∫–ª—É–±—ã,8.0,5.0,21.0,,1.3324742268041236,1.0723702959307646,–°–æ–ª–æ–¥,"—É–ª. –õ–µ–Ω–∏–Ω–∞, 10, –ê–Ω–∞–ø–∞",44.895305,37.306932
https://www.tripadvisor.ru/Attraction_Review-g608960-d8043766-Reviews-Mir_Kino-Anapa_Krasnodar_Krai_Southern_District.html,–∫—É–ª—å—Ç—É—Ä–Ω—ã–µ –∏–Ω—Å—Ç–∏—Ç—É—Ü–∏–∏,–ú–∏—Ä –ö–∏–Ω–æ,–ö–∏–Ω–æ—Ç–µ–∞—Ç—Ä—ã,16.0,4.0,3.0,,0.8788099023393141,0.8373025753326034,–ú–∏—Ä –∫–∏–Ω–æ,"–ö—Ä—ã–º—Å–∫–∞—è —É–ª., 167, –ê–Ω–∞–ø–∞",44.898936,37.325484
https://www.tripadvisor.ru/Attraction_Review-g608960-d8458319-Reviews-Park_More_Udovolstviya-Anapa_Krasnodar_Krai_Southern_District.html,—Ç–µ–º–∞—Ç–∏—á–µ—Å–∫–∏–µ –ø–∞—Ä–∫–∏,–ü–∞—Ä–∫ –ú–æ—Ä–µ —É–¥–æ–≤–æ–ª—å—Å—Ç–≤–∏—è,–í–æ–¥–Ω—ã–µ –≤–∏–¥—ã —Å–ø–æ—Ä—Ç–∞ ‚Ä¢ –ê—Ä–µ–Ω–¥–∞ —Å–Ω–∞—Ä—è–∂–µ–Ω–∏—è,17.0,4.5,,,0.930852994555354,0.930852994555354,–ú–æ—Ä–µ —É–¥–æ–≤–æ–ª—å—Å—Ç–≤–∏—è,"–ù–∞–±–µ—Ä–µ–∂–Ω–∞—è —É–ª., 23–ê, –ê–Ω–∞–ø–∞",44.897199,37.308895
https://www.tripadvisor.ru/Attraction_Review-g608960-d23634906-Reviews-Anapa_Krasnodar_Krai_Southern_District.html,—ç–∫—Å–∫—É—Ä—Å–∏–∏ –∏ –º–∞—Å—Ç–µ—Ä-–∫–ª–∞—Å—Å—ã,–ü–ª–∞–Ω–µ—Ç–∞ —ç–∫—Å–∫—É—Ä—Å–∏–π –ê–Ω–∞–ø–∞,–≠–∫—Å–∫—É—Ä—Å–∏–∏ –ø–æ –≥–æ—Ä–æ–¥—É,3.0,5.0,,,1.2727272727272727,1.0054446460980035,–ü–ª–∞–Ω–µ—Ç–∞ –æ–¥–µ–∂–¥–∞ –æ–±—É–≤—å,"–í–ª–∞–¥–∏–º–∏—Ä—Å–∫–∞—è —É–ª., 107, –ê–Ω–∞–ø–∞",44.874502,37.335563
https://www.tripadvisor.ru/Attraction_Review-g608960-d6599956-Reviews-Station_Anapa_Surfing-Anapa_Krasnodar_Krai_Southern_District.html,—Ç–µ–º–∞—Ç–∏—á–µ—Å–∫–∏–µ –ø–∞—Ä–∫–∏,–°—Ç–∞–Ω—Ü–∏—è –ê–Ω–∞–ø–∞-–°–µ—Ä—Ñ–∏–Ω–≥,–°–µ—Ä—Ñ–∏–Ω–≥ –∏ –≤–∏–Ω–¥—Å–µ—Ä—Ñ–∏–Ω–≥,15.0,4.5,,,0.9272232304900182,0.9272232304900182,–ê–Ω–∞–ø–∞-–°–µ—Ä—Ñ–∏–Ω–≥,"–ú–∞–ª–∞—è –±—É—Ö—Ç–∞, 1, –ê–Ω–∞–ø–∞",44.89257,37.296783
https://www.tripadvisor.ru/Attraction_Review-g608960-d15355252-Reviews-Diana_Rudi_Chocolate_Studio-Anapa_Krasnodar_Krai_Southern_District.html,—ç–∫—Å–∫—É—Ä—Å–∏–∏ –∏ –º–∞—Å—Ç–µ—Ä-–∫–ª–∞—Å—Å—ã,–®–æ–∫–æ–ª–∞–¥–Ω–∞—è –º–∞—Å—Ç–µ—Ä—Å–∫–∞—è –î–∏–∞–Ω–∞ –†—É–¥–∏,–ö—É–ª–∏–Ω–∞—Ä–Ω—ã–µ –º–∞—Å—Ç–µ—Ä-–∫–ª–∞—Å—Å—ã,3.0,5.0,1.0,,1.4727272727272729,1.0081994670346426,–®–æ–∫–æ–ª–∞–¥–Ω–∞—è –º–∞—Å—Ç–µ—Ä—Å–∫–∞—è –î–∏–∞–Ω–∞ –†—É–¥–∏,"—É–ª. –°–∞–º–±—É—Ä–æ–≤–∞, 58–ê, –ê–Ω–∞–ø–∞",44.888504,37.313431
https://www.tripadvisor.ru/Attraction_Review-g608960-d8504609-Reviews-Hispaniola_Sailing_Yacht_in_Anapa-Anapa_Krasnodar_Krai_Southern_District.html,—ç–∫—Å–∫—É—Ä—Å–∏–∏ –∏ –º–∞—Å—Ç–µ—Ä-–∫–ª–∞—Å—Å—ã,–ò—Å–ø–∞–Ω—å–æ–ª–∞ - –ø–∞—Ä—É—Å–Ω–∞—è —è—Ö—Ç–∞ –≤ –ê–Ω–∞–ø–µ,–õ–æ–¥–æ—á–Ω—ã–µ —Ç—É—Ä—ã ‚Ä¢ –ê—Ä–µ–Ω–¥–∞ –ª–æ–¥–æ–∫,11.0,4.5,,,1.9,0.9199637023593468,–Ø—Ö—Ç –∫–ª—É–± –ê–Ω–∞–ø–∞,"–ù–∞–±–µ—Ä–µ–∂–Ω–∞—è —É–ª., 3, –ê–Ω–∞–ø–∞",44.897142,37.30689
https://www.tripadvisor.ru/Attraction_Review-g608960-d21170346-Reviews-Paratrooper_Monument-Anapa_Krasnodar_Krai_Southern_District.html,–¥–æ—Å—Ç–æ–ø—Ä–∏–º–µ—á–∞—Ç–µ–ª—å–Ω–æ—Å—Ç–∏,–ü–∞–º—è—Ç–Ω–∏–∫ –î–µ—Å–∞–Ω—Ç–Ω–∏–∫—É,–ü–∞–º—è—Ç–Ω–∏–∫–∏ –∏ —Å—Ç–∞—Ç—É–∏,2.0,5.0,3.0,,1.0204025365315688,1.011894226875253,–ü–∞–º—è—Ç–Ω–∏–∫ –î–µ—Å–∞–Ω—Ç–Ω–∏–∫–∞–º,"–†–æ—Å—Å–∏—è, –ö—Ä–∞—Å–Ω–æ–¥–∞—Ä—Å–∫–∏–π –∫—Ä–∞–π, –ê–Ω–∞–ø–∞, –ü–∏–æ–Ω–µ—Ä—Å–∫–∏–π –ø—Ä–æ—Å–ø–µ–∫—Ç",44.93676,37.311744
https://www.tripadvisor.ru/Attraction_Review-g608960-d11779070-Reviews-The_One-Anapa_Krasnodar_Krai_Southern_District.html,–±–∞—Ä—ã –∏ –∫–ª—É–±—ã,The One,–ë–∞—Ä—ã –∏ –∫–ª—É–±—ã ‚Ä¢ –¢–∞–Ω—Ü–µ–≤–∞–ª—å–Ω—ã–µ –∫–ª—É–±—ã –∏ –¥–∏—Å–∫–æ—Ç–µ–∫–∏,5.0,4.0,10.0,,0.9705940108001964,0.8366226195297306,The One,"–ê—Å—Ç—Ä–∞—Ö–∞–Ω—Å–∫–∞—è —É–ª., 120–ê, –ê–Ω–∞–ø–∞",44.880079,37.336305
https://www.tripadvisor.ru/Attraction_Review-g608960-d11671880-Reviews-Entertainment_Centre_Ostrova-Anapa_Krasnodar_Krai_Southern_District.html,—Ç–µ–º–∞—Ç–∏—á–µ—Å–∫–∏–µ –ø–∞—Ä–∫–∏,"–†–∞–∑–≤–ª–µ–∫–∞—Ç–µ–ª—å–Ω—ã–π —Ü–µ–Ω—Ç—Ä ""–û—Å—Ç—Ä–æ–≤–∞""",–ò–≥—Ä–æ–≤—ã–µ –ø–ª–æ—â–∞–¥–∫–∏ ‚Ä¢ –ò–≥—Ä–æ–≤—ã–µ –∏ —Ä–∞–∑–≤–ª–µ–∫–∞—Ç–µ–ª—å–Ω—ã–µ —Ü–µ–Ω—Ç—Ä—ã,3.0,4.5,0.0,,0.9054446460980036,0.9054446460980036,–û—Å—Ç—Ä–æ–≤–∞,"–ê—Å—Ç—Ä–∞—Ö–∞–Ω—Å–∫–∞—è —É–ª., 99, –ê–Ω–∞–ø–∞",44.879725,37.338467
https://www.tripadvisor.ru/Attraction_Review-g608960-d23549640-Reviews-Detskiy_Sanatorno_Ozdorovitel_nyy_Lager_Planeta-Anapa_Krasnodar_Krai_Southern_Di.html,–±–∞—Ä—ã –∏ –∫–ª—É–±—ã,–î–µ—Ç—Å–∫–∏–π —Å–∞–Ω–∞—Ç–æ—Ä–Ω–æ-–æ–∑–¥–æ—Ä–æ–≤–∏—Ç–µ–ª—å–Ω—ã–π –ª–∞–≥–µ—Ä—å ¬´–ü–ª–∞–Ω–µ—Ç–∞¬ª,–ö—É–ª—å—Ç—É—Ä–Ω—ã–µ –æ–±—ä–µ–∫—Ç—ã –∏ –¥–æ—Å—Ç–æ–ø—Ä–∏–º–µ—á–∞—Ç–µ–ª—å–Ω–æ—Å—Ç–∏,1.0,5.0,50.0,,1.6055473735886108,1.1395559288646238,–§–∏–ª–∏–∞–ª –≥–æ—Å—É–¥–∞—Ä—Å—Ç–≤–µ–Ω–Ω–æ–≥–æ –Ω–∞—É—á–Ω–æ–≥–æ —Ü–µ–Ω—Ç—Ä–∞ –†–æ—Å—Å–∏–π—Å–∫–æ–π –§–µ–¥–µ—Ä–∞—Ü–∏–∏ –§–µ–¥–µ—Ä–∞–ª—å–Ω–æ–≥–æ –≥–æ—Å—É–¥–∞—Ä—Å—Ç–≤–µ–Ω–Ω–æ–≥–æ —É–Ω–∏—Ç–∞—Ä–Ω–æ–≥–æ –ø—Ä–µ–¥–ø—Ä–∏—è—Ç–∏—è –∏—Å—Å–ª–µ–¥–æ–≤–∞—Ç–µ–ª—å—Å–∫–∏–π —Ü–µ–Ω—Ç—Ä –∏–º–µ–Ω–∏ –ú. –í. –ö–µ–ª–¥—ã—à–∞ –î–µ—Ç—Å–∫–∏–π —Å–∞–Ω–∞—Ç–æ—Ä–Ω–æ-–æ–∑–¥–æ—Ä–æ–≤–∏—Ç–µ–ª—å–Ω—ã–π –ª–∞–≥–µ—Ä—å –ü–ª–∞–Ω–µ—Ç–∞,"–ü–∏–æ–Ω–µ—Ä—Å–∫–∏–π –ø—Ä–æ—Å–ø., 11, –ê–Ω–∞–ø–∞",44.917032,37.321764
https://www.tripadvisor.ru/Attraction_Review-g608960-d18818518-Reviews-Meamo-Anapa_Krasnodar_Krai_Southern_District.html,–±–∞—Ä—ã –∏ –∫–ª—É–±—ã,Meamo,–°–ø–∞,1.0,5.0,2.0,,1.0341188021600392,1.007324523905946,Meamo,"–í–ª–∞–¥–∏–º–∏—Ä—Å–∫–∞—è —É–ª., 120, –ê–Ω–∞–ø–∞",44.879242,37.331162
https://www.tripadvisor.ru/Attraction_Review-g608960-d21171433-Reviews-Pamyatnik_Voinam_Afgantsam-Anapa_Krasnodar_Krai_Southern_District.html,–¥–æ—Å—Ç–æ–ø—Ä–∏–º–µ—á–∞—Ç–µ–ª—å–Ω–æ—Å—Ç–∏,–ü–∞–º—è—Ç–Ω–∏–∫ –≤–æ–∏–Ω–∞–º-–∞—Ñ–≥–∞–Ω—Ü–∞–º,–ü–∞–º—è—Ç–Ω–∏–∫–∏ –∏ —Å—Ç–∞—Ç—É–∏,1.0,5.0,1.0,,1.0075130962227736,1.0045697029693068,–í–æ–∏–Ω–∞–º-–∞—Ñ–≥–∞–Ω—Ü–∞–º,"–†–æ—Å—Å–∏—è, –ö—Ä–∞—Å–Ω–æ–¥–∞—Ä—Å–∫–∏–π –∫—Ä–∞–π, –ê–Ω–∞–ø–∞, —Å–∫–≤–µ—Ä –ë–æ–µ–≤–æ–π —Å–ª–∞–≤—ã",44.895412,37.304102
https://www.tripadvisor.ru/Attraction_Review-g608960-d21171441-Reviews-Pamyatnik_Kalininu-Anapa_Krasnodar_Krai_Southern_District.html,–¥–æ—Å—Ç–æ–ø—Ä–∏–º–µ—á–∞—Ç–µ–ª—å–Ω–æ—Å—Ç–∏,–ü–∞–º—è—Ç–Ω–∏–∫ –ö–∞–ª–∏–Ω–∏–Ω—É,–ü–∞–º—è—Ç–Ω–∏–∫–∏ –∏ —Å—Ç–∞—Ç—É–∏,1.0,5.0,1.0,,1.0075130962227736,1.0045697029693068,–î. –°. –ö–∞–ª–∏–Ω–∏–Ω,"–†–æ—Å—Å–∏—è, –ö—Ä–∞—Å–Ω–æ–¥–∞—Ä—Å–∫–∏–π –∫—Ä–∞–π, –≥–æ—Ä–æ–¥—Å–∫–æ–π –æ–∫—Ä—É–≥ –ê–Ω–∞–ø–∞",44.802043,37.371922
https://www.tripadvisor.ru/Attraction_Review-g608960-d21171468-Reviews-Letnyaya_Estrada-Anapa_Krasnodar_Krai_Southern_District.html,–¥–æ—Å—Ç–æ–ø—Ä–∏–º–µ—á–∞—Ç–µ–ª—å–Ω–æ—Å—Ç–∏,–õ–µ—Ç–Ω—è—è —ç—Å—Ç—Ä–∞–¥–∞,–ê—Ä–µ–Ω—ã –∏ —Å—Ç–∞–¥–∏–æ–Ω—ã,1.0,5.0,1.0,,1.0075130962227736,1.0045697029693068,–õ–µ—Ç–Ω—è—è —ç—Å—Ç—Ä–∞–¥–∞,"—É–ª. –ì–æ—Ä—å–∫–æ–≥–æ, 1–î, –ê–Ω–∞–ø–∞",44.895601,37.314692
https://www.tripadvisor.ru/Attraction_Review-g608960-d21171282-Reviews-Flower_Clock-Anapa_Krasnodar_Krai_Southern_District.html,–¥–æ—Å—Ç–æ–ø—Ä–∏–º–µ—á–∞—Ç–µ–ª—å–Ω–æ—Å—Ç–∏,–¶–≤–µ—Ç–æ—á–Ω—ã–µ —á–∞—Å—ã,–ö—É–ª—å—Ç—É—Ä–Ω—ã–µ –æ–±—ä–µ–∫—Ç—ã –∏ –¥–æ—Å—Ç–æ–ø—Ä–∏–º–µ—á–∞—Ç–µ–ª—å–Ω–æ—Å—Ç–∏,1.0,5.0,1.0,,1.0075130962227736,1.0045697029693068,–¶–≤–µ—Ç–æ—á–Ω—ã–µ —á–∞—Å—ã,"—É–ª. –õ–µ–Ω–∏–Ω–∞, 11, –ê–Ω–∞–ø–∞",44.893689,37.309023
https://www.tripadvisor.ru/Attraction_Review-g608960-d21171458-Reviews-Pamyatnik_V_I_Leninu-Anapa_Krasnodar_Krai_Southern_District.html,–¥–æ—Å—Ç–æ–ø—Ä–∏–º–µ—á–∞—Ç–µ–ª—å–Ω–æ—Å—Ç–∏,–ü–∞–º—è—Ç–Ω–∏–∫ –í.–ò. Leninu,–ü–∞–º—è—Ç–Ω–∏–∫–∏ –∏ —Å—Ç–∞—Ç—É–∏,1.0,5.0,3.0,,1.0182657843948166,1.010079344842585,–ü–∞–º—è—Ç–Ω–∏–∫ –í. –ò. –õ–µ–Ω–∏–Ω—É,"–†–æ—Å—Å–∏—è, –ö—Ä–∞—Å–Ω–æ–¥–∞—Ä—Å–∫–∏–π –∫—Ä–∞–π, –ê–Ω–∞–ø–∞",44.922038,37.322868
https://www.tripadvisor.ru/Attraction_Review-g608960-d21170342-Reviews-Gagarin_Monument-Anapa_Krasnodar_Krai_Southern_District.html,–¥–æ—Å—Ç–æ–ø—Ä–∏–º–µ—á–∞—Ç–µ–ª—å–Ω–æ—Å—Ç–∏,–ü–∞–º—è—Ç–Ω–∏–∫ –ì–∞–≥–∞—Ä–∏–Ω—É,–ü–∞–º—è—Ç–Ω–∏–∫–∏ –∏ —Å—Ç–∞—Ç—É–∏,1.0,5.0,1.0,,1.0075130962227736,1.0045697029693068,–Æ.–ê. –ì–∞–≥–∞—Ä–∏–Ω,"–†–æ—Å—Å–∏—è, –ö—Ä–∞—Å–Ω–æ–¥–∞—Ä—Å–∫–∏–π –∫—Ä–∞–π, –ê–Ω–∞–ø–∞, –ü–∏–æ–Ω–µ—Ä—Å–∫–∏–π –ø—Ä–æ—Å–ø–µ–∫—Ç",44.936924,37.311615
https://www.tripadvisor.ru/Attraction_Review-g608960-d21171416-Reviews-Pamyatnyy_Kamen_Ekipazhu_TKA_92-Anapa_Krasnodar_Krai_Southern_District.html,–¥–æ—Å—Ç–æ–ø—Ä–∏–º–µ—á–∞—Ç–µ–ª—å–Ω–æ—Å—Ç–∏,–ü–∞–º—è—Ç–Ω—ã–π –∫–∞–º–µ–Ω—å —ç–∫–∏–ø–∞–∂—É –¢–ö–ê-92,–ü–∞–º—è—Ç–Ω–∏–∫–∏ –∏ —Å—Ç–∞—Ç—É–∏,1.0,5.0,1.0,,1.0075130962227736,1.0045697029693068,–ü–æ–≥–∏–±—à–µ–º—É —ç–∫–∏–ø–∞–∂—É –¢–ö–ê - 92 13 –º–∞—Ä—Ç–∞ 1943 –≥.,"–†–æ—Å—Å–∏—è, –ö—Ä–∞—Å–Ω–æ–¥–∞—Ä—Å–∫–∏–π –∫—Ä–∞–π, –ê–Ω–∞–ø–∞, –ù–∞–±–µ—Ä–µ–∂–Ω–∞—è —É–ª–∏—Ü–∞",44.8969,37.305992
https://www.tripadvisor.ru/Attraction_Review-g608960-d21171581-Reviews-Pamyatnik_I_V_Gudovichu-Anapa_Krasnodar_Krai_Southern_District.html,–¥–æ—Å—Ç–æ–ø—Ä–∏–º–µ—á–∞—Ç–µ–ª—å–Ω–æ—Å—Ç–∏,–ü–∞–º—è—Ç–Ω–∏–∫ –ò.–í.–ì—É–¥–æ–≤–∏—á—É,–ü–∞–º—è—Ç–Ω–∏–∫–∏ –∏ —Å—Ç–∞—Ç—É–∏,1.0,5.0,1.0,,1.0075130962227736,1.0045697029693068,–ü–∞–º—è—Ç–Ω–∏–∫ –ò. –í. –ì—É–¥–æ–≤–∏—á—É,"–†–æ—Å—Å–∏—è, –ö—Ä–∞—Å–Ω–æ–¥–∞—Ä—Å–∫–∏–π –∫—Ä–∞–π, –ê–Ω–∞–ø–∞, —Å–∫–≤–µ—Ä –∏–º–µ–Ω–∏ –ò.–í. –ì—É–¥–æ–≤–∏—á–∞",44.888846,37.300898
https://www.tripadvisor.ru/Attraction_Review-g608960-d21169934-Reviews-Doctor_Budzinskiy_Monument-Anapa_Krasnodar_Krai_Southern_District.html,–¥–æ—Å—Ç–æ–ø—Ä–∏–º–µ—á–∞—Ç–µ–ª—å–Ω–æ—Å—Ç–∏,–ü–∞–º—è—Ç–Ω–∏–∫ –¥–æ–∫—Ç–æ—Ä—É –ë—É–¥–∑–∏–Ω—Å–∫–æ–º—É,–ü–∞–º—è—Ç–Ω–∏–∫–∏ –∏ —Å—Ç–∞—Ç—É–∏,1.0,5.0,1.0,,1.0075130962227736,1.0045697029693068,–í. –ê. –ë—É–¥–∑–∏–Ω—Å–∫–∏–π,"—É–ª. –ü—É—à–∫–∏–Ω–∞, 30, –ê–Ω–∞–ø–∞",44.895529,37.308352
https://www.tripadvisor.ru/Attraction_Review-g608960-d21170548-Reviews-Monument_to_the_Victims_of_Political_Repressions-Anapa_Krasnodar_Krai_Southern_D.html,–¥–æ—Å—Ç–æ–ø—Ä–∏–º–µ—á–∞—Ç–µ–ª—å–Ω–æ—Å—Ç–∏,–ü–∞–º—è—Ç–Ω–∏–∫ –∂–µ—Ä—Ç–≤–∞–º –ø–æ–ª–∏—Ç–∏—á–µ—Å–∫–∏—Ö —Ä–µ–ø—Ä–µ—Å—Å–∏–π,–ü–∞–º—è—Ç–Ω–∏–∫–∏ –∏ —Å—Ç–∞—Ç—É–∏,1.0,5.0,1.0,,1.0075130962227736,1.0045697029693068,–ñ–µ—Ä—Ç–≤–∞–º –ø–æ–ª–∏—Ç–∏—á–µ—Å–∫–∏—Ö —Ä–µ–ø—Ä–µ—Å—Å–∏–π,"–†–æ—Å—Å–∏—è, –ö—Ä–∞—Å–Ω–æ–¥–∞—Ä—Å–∫–∏–π –∫—Ä–∞–π, –ê–Ω–∞–ø–∞, —Å–∫–≤–µ—Ä –ë–æ–µ–≤–æ–π —Å–ª–∞–≤—ã",44.895077,37.304306
https://www.tripadvisor.ru/Attraction_Review-g608960-d21170018-Reviews-Ferris_Wheel-Anapa_Krasnodar_Krai_Southern_District.html,—Ç–µ–º–∞—Ç–∏—á–µ—Å–∫–∏–µ –ø–∞—Ä–∫–∏,–ö–æ–ª–µ—Å–æ –û–±–æ–∑—Ä–µ–Ω–∏—è,–°–º–æ—Ç—Ä–æ–≤—ã–µ –ø–ª–æ—â–∞–¥–∫–∏ –∏ –±–∞—à–Ω–∏,1.0,5.0,1.0,,1.005020010237796,1.0045697029693068,–ö–æ–ª–µ—Å–æ –æ–±–æ–∑—Ä–µ–Ω–∏—è,"–†–æ—Å—Å–∏—è, –ö—Ä–∞—Å–Ω–æ–¥–∞—Ä—Å–∫–∏–π –∫—Ä–∞–π, –ê–Ω–∞–ø–∞, –î–µ—Ç—Å–∫–∏–π –ø–∞—Ä–∫",44.904219,37.323172
https://www.tripadvisor.ru/Attraction_Review-g608960-d21170565-Reviews-Doctor_Aibolit_Monument-Anapa_Krasnodar_Krai_Southern_District.html,–¥–æ—Å—Ç–æ–ø—Ä–∏–º–µ—á–∞—Ç–µ–ª—å–Ω–æ—Å—Ç–∏,–ü–∞–º—è—Ç–Ω–∏–∫ –¥–æ–∫—Ç–æ—Ä—É –ê–π–±–æ–ª–∏—Ç—É,–ü–∞–º—è—Ç–Ω–∏–∫–∏ –∏ —Å—Ç–∞—Ç—É–∏,1.0,5.0,1.0,,1.0075130962227736,1.0045697029693068,–ü–∞–º—è—Ç–Ω–∏–∫ –¥–æ–∫—Ç–æ—Ä—É –ê–π–±–æ–ª–∏—Ç—É,"–†–æ—Å—Å–∏—è, –ö—Ä–∞—Å–Ω–æ–¥–∞—Ä—Å–∫–∏–π –∫—Ä–∞–π, –ê–Ω–∞–ø–∞, —É–ª–∏—Ü–∞ –ö–∞–ª–∏–Ω–∏–Ω–∞",44.893801,37.305117
https://www.tripadvisor.ru/Attraction_Review-g608960-d21172453-Reviews-Mass_Grave_of_Soviet_Soldiers-Anapa_Krasnodar_Krai_Southern_District.html,–¥–æ—Å—Ç–æ–ø—Ä–∏–º–µ—á–∞—Ç–µ–ª—å–Ω–æ—Å—Ç–∏,–ë—Ä–∞—Ç—Å–∫–∞—è –º–æ–≥–∏–ª–∞ —Å–æ–≤–µ—Ç—Å–∫–∏—Ö –≤–æ–π–Ω–æ–≤,–ò—Å—Ç–æ—Ä–∏—á–µ—Å–∫–∏–µ –¥–æ—Å—Ç–æ–ø—Ä–∏–º–µ—á–∞—Ç–µ–ª—å–Ω–æ—Å—Ç–∏ ‚Ä¢ –ö—É–ª—å—Ç—É—Ä–Ω—ã–µ –æ–±—ä–µ–∫—Ç—ã –∏ –¥–æ—Å—Ç–æ–ø—Ä–∏–º–µ—á–∞—Ç–µ–ª—å–Ω–æ—Å—Ç–∏,1.0,5.0,1.0,,1.0075130962227736,1.0045697029693068,"–ë—Ä–∞—Ç—Å–∫–∞—è –º–æ–≥–∏–ª–∞ —Å–æ–≤–µ—Ç—Å–∫–∏—Ö –≤–æ–∏–Ω–æ–≤ –∏ –º–∏—Ä–Ω—ã—Ö –∂–∏—Ç–µ–ª–µ–π, –∑–∞–º—É—á–µ–Ω–Ω—ã—Ö —Ñ–∞—à–∏—Å—Ç—Å–∫–∏–º–∏ –æ–∫–∫—É–ø–∞–Ω—Ç–∞–º–∏ –≤ 1942-1943 –≥–≥","–†–æ—Å—Å–∏—è, –ö—Ä–∞—Å–Ω–æ–¥–∞—Ä—Å–∫–∏–π –∫—Ä–∞–π, –ê–Ω–∞–ø–∞, –°—Ç–∞—Ä–æ–µ –∫–ª–∞–¥–±–∏—â–µ",44.887759,37.300205
https://www.tripadvisor.ru/Attraction_Review-g608960-d21169936-Reviews-Triumphal_Arch-Anapa_Krasnodar_Krai_Southern_District.html,–¥–æ—Å—Ç–æ–ø—Ä–∏–º–µ—á–∞—Ç–µ–ª—å–Ω–æ—Å—Ç–∏,–¢—Ä–∏—É–º—Ñ–∞–ª—å–Ω–∞—è –∞—Ä–∫–∞,–ö—É–ª—å—Ç—É—Ä–Ω—ã–µ –æ–±—ä–µ–∫—Ç—ã –∏ –¥–æ—Å—Ç–æ–ø—Ä–∏–º–µ—á–∞—Ç–µ–ª—å–Ω–æ—Å—Ç–∏,1.0,5.0,1.0,,1.0075130962227736,1.0045697029693068,–¢—Ä–∏—É–º—Ñ–∞–ª—å–Ω–∞—è –∞—Ä–∫–∞,"–ö—Ä–µ–ø–æ—Å—Ç–Ω–∞—è —É–ª., 72, –ê–Ω–∞–ø–∞",44.894374,37.311171
https://www.tripadvisor.ru/Attraction_Review-g608960-d21170562-Reviews-Lenina_Slavy_Park-Anapa_Krasnodar_Krai_Southern_District.html,–∑–µ–ª–µ–Ω—ã–µ –∑–æ–Ω—ã,–°–∫–≤–µ—Ä –°–ª–∞–≤—ã –∏–º–µ–Ω–∏ –õ–µ–Ω–∏–Ω–∞,–ü–∞—Ä–∫–∏,1.0,5.0,1.0,,1.101313320825516,1.0045697029693068,–°–∫–≤–µ—Ä –í–æ–∏–Ω—Å–∫–æ–π —Å–ª–∞–≤—ã,"–†–æ—Å—Å–∏—è, –ö—Ä–∞—Å–Ω–æ–¥–∞—Ä—Å–∫–∏–π –∫—Ä–∞–π, –ê–Ω–∞–ø–∞, —Å–∫–≤–µ—Ä –í–æ–∏–Ω—Å–∫–æ–π —Å–ª–∞–≤—ã",44.893336,37.310282
https://www.tripadvisor.ru/Attraction_Review-g608960-d21170544-Reviews-Chernobyl_Victim_Monument-Anapa_Krasnodar_Krai_Southern_District.html,–¥–æ—Å—Ç–æ–ø—Ä–∏–º–µ—á–∞—Ç–µ–ª—å–Ω–æ—Å—Ç–∏,–ü–∞–º—è—Ç–Ω–∏–∫ –∂–µ—Ä—Ç–≤–∞–º –ß–µ—Ä–Ω–æ–±—ã–ª—è,–ü–∞–º—è—Ç–Ω–∏–∫–∏ –∏ —Å—Ç–∞—Ç—É–∏,1.0,5.0,1.0,,1.0075130962227736,1.0045697029693068,–õ–∏–∫–≤–∏–¥–∞—Ç–æ—Ä–∞–º –∞–≤–∞—Ä–∏–∏ –Ω–∞ –ß–µ—Ä–Ω–æ–±—ã–ª—å—Å–∫–æ–π –ê–≠–°,"–†–æ—Å—Å–∏—è, –ö—Ä–∞—Å–Ω–æ–¥–∞—Ä—Å–∫–∏–π –∫—Ä–∞–π, –ê–Ω–∞–ø–∞, –ø—Ä–æ—Å–ø–µ–∫—Ç –†–µ–≤–æ–ª—é—Ü–∏–∏",44.895912,37.304518
https://www.tripadvisor.ru/Attraction_Review-g608960-d21170549-Reviews-Great_Patriotic_War_Memorial-Anapa_Krasnodar_Krai_Southern_District.html,–¥–æ—Å—Ç–æ–ø—Ä–∏–º–µ—á–∞—Ç–µ–ª—å–Ω–æ—Å—Ç–∏,–ú–µ–º–æ—Ä–∏–∞–ª –í–µ–ª–∏–∫–æ–π –û—Ç–µ—á–µ—Å—Ç–≤–µ–Ω–Ω–æ–π –≤–æ–π–Ω—ã,–ö—É–ª—å—Ç—É—Ä–Ω—ã–µ –æ–±—ä–µ–∫—Ç—ã –∏ –¥–æ—Å—Ç–æ–ø—Ä–∏–º–µ—á–∞—Ç–µ–ª—å–Ω–æ—Å—Ç–∏ ‚Ä¢ –ü–∞–º—è—Ç–Ω–∏–∫–∏ –∏ —Å—Ç–∞—Ç—É–∏,1.0,5.0,1.0,,1.0075130962227736,1.0045697029693068,–ü–∞–º—è—Ç–Ω–∏–∫ –ø–æ–≥–∏–±—à–∏–º –≤ –í–û–í,"–†–æ—Å—Å–∏—è, –ö—Ä–∞—Å–Ω–æ–¥–∞—Ä—Å–∫–∏–π –∫—Ä–∞–π, –ê–Ω–∞–ø–∞, –º–∏–∫—Ä–æ—Ä–∞–π–æ–Ω –ê–ª–µ–∫—Å–µ–µ–≤–∫–∞, –ê–Ω–∞–ø—Å–∫–æ–µ —à–æ—Å—Å–µ",44.89962,37.357361
https://www.tripadvisor.ru/Attraction_Review-g608960-d21170558-Reviews-Memorial_Sign_to_Those_Who_Died_in_the_Chechen_Republic-Anapa_Krasnodar_Krai_Sou.html,–¥–æ—Å—Ç–æ–ø—Ä–∏–º–µ—á–∞—Ç–µ–ª—å–Ω–æ—Å—Ç–∏,–ü–∞–º—è—Ç–Ω—ã–π –∑–Ω–∞–∫ –ø–æ–≥–∏–±—à–∏–º –≤ –ß–µ—á–µ–Ω—Å–∫–æ–π —Ä–µ—Å–ø—É–±–ª–∏–∫–µ,–ü–∞–º—è—Ç–Ω–∏–∫–∏ –∏ —Å—Ç–∞—Ç—É–∏,1.0,5.0,1.0,,1.0075130962227736,1.0045697029693068,–ü–∞–º—è—Ç–Ω—ã–π –∑–Ω–∞–∫ –ø–æ–≥–∏–±—à–∏–º –≤ –ß–µ—á–µ–Ω—Å–∫–æ–π —Ä–µ—Å–ø—É–±–ª–∏–∫–µ,"–†–æ—Å—Å–∏—è, –ö—Ä–∞—Å–Ω–æ–¥–∞—Ä—Å–∫–∏–π –∫—Ä–∞–π, –ê–Ω–∞–ø–∞, —Å–∫–≤–µ—Ä –ë–æ–µ–≤–æ–π —Å–ª–∞–≤—ã",44.8954,37.304599
https://www.tripadvisor.ru/Attraction_Review-g608960-d8776978-Reviews-Chikh_Pykh-Anapa_Krasnodar_Krai_Southern_District.html,–±–∞—Ä—ã –∏ –∫–ª—É–±—ã,–ß–∏—Ö –ü—ã—Ö,–ë–∞—Ä—ã –∏ –∫–ª—É–±—ã,4.0,4.0,2.0,,0.8650466372115857,0.8127691700039499,–ë–∞—Ä –ß–∏—Ö –ü—ã—Ö,"–ö—Ä–µ—Å—Ç—å—è–Ω—Å–∫–∞—è —É–ª., 3–ê, –ê–Ω–∞–ø–∞",44.904636,37.333874
https://www.tripadvisor.ru/Attraction_Review-g608960-d9982165-Reviews-Chocolate_Studio-Anapa_Krasnodar_Krai_Southern_District.html,—ç–∫—Å–∫—É—Ä—Å–∏–∏ –∏ –º–∞—Å—Ç–µ—Ä-–∫–ª–∞—Å—Å—ã,–®–æ–∫–æ–ª–∞–¥–Ω–∞—è –º–∞—Å—Ç–µ—Ä—Å–∫–∞—è,–£—Ä–æ–∫–∏ –∏ –º–∞—Å—Ç–µ—Ä-–∫–ª–∞—Å—Å—ã ‚Ä¢ –ö—É–ª–∏–Ω–∞—Ä–Ω—ã–µ –º–∞—Å—Ç–µ—Ä-–∫–ª–∞—Å—Å—ã,4.0,4.0,1.0,,1.3636363636363635,0.8100143490673107,–®–æ–∫–æ–ª–∞–¥–Ω–∞—è –º–∞—Å—Ç–µ—Ä—Å–∫–∞—è –î–∏–∞–Ω–∞ –†—É–¥–∏,"—É–ª. –°–∞–º–±—É—Ä–æ–≤–∞, 58–ê, –ê–Ω–∞–ø–∞",44.888504,37.313431
https://www.tripadvisor.ru/Attraction_Review-g608960-d8066854-Reviews-Anapa_Marina_Yacht_Club-Anapa_Krasnodar_Krai_Southern_District.html,—ç–∫—Å–∫—É—Ä—Å–∏–∏ –∏ –º–∞—Å—Ç–µ—Ä-–∫–ª–∞—Å—Å—ã,–ê–Ω–∞–ø–∞-–ú–∞—Ä–∏–Ω–∞ –Ø—Ö—Ç-–ö–ª—É–±,–õ–æ–¥–æ—á–Ω—ã–µ —Ç—É—Ä—ã ‚Ä¢ –í–æ–¥–Ω—ã–µ –≤–∏–¥—ã —Å–ø–æ—Ä—Ç–∞,7.0,3.5,,,1.3363636363636364,0.7127041742286752,–Ø—Ö—Ç –∫–ª—É–± –ê–Ω–∞–ø–∞,"–ù–∞–±–µ—Ä–µ–∂–Ω–∞—è —É–ª., 3, –ê–Ω–∞–ø–∞",44.897142,37.30689
https://www.tripadvisor.ru/Attraction_Review-g608960-d21171404-Reviews-Fountain_Pearl_of_Anapa-Anapa_Krasnodar_Krai_Southern_District.html,–¥–æ—Å—Ç–æ–ø—Ä–∏–º–µ—á–∞—Ç–µ–ª—å–Ω–æ—Å—Ç–∏,–§–æ–Ω—Ç–∞–Ω–Ω–∞—è –∂–µ–º—á—É–∂–∏–Ω–∞ –ê–Ω–∞–ø—ã,–§–æ–Ω—Ç–∞–Ω—ã,2.0,3.5,1.0,,0.7096498483595258,0.706384585001975,–§–æ–Ω—Ç–∞–Ω,"–†–æ—Å—Å–∏—è, –ö—Ä–∞—Å–Ω–æ–¥–∞—Ä—Å–∫–∏–π –∫—Ä–∞–π, –ê–Ω–∞–ø–∞, —É–ª–∏—Ü–∞ –ì–æ—Ä—å–∫–æ–≥–æ",44.895493,37.315606
https://www.tripadvisor.ru/Attraction_Review-g608960-d7057933-Reviews-Kvadro_Kutok_ATV_Tour-Anapa_Krasnodar_Krai_Southern_District.html,—ç–∫—Å–∫—É—Ä—Å–∏–∏ –∏ –º–∞—Å—Ç–µ—Ä-–∫–ª–∞—Å—Å—ã,–ö–≤–∞–¥—Ä–æ-–ö—É—Ç–æ–∫ - –ü—É—Ç–µ—à–µ—Å—Ç–≤–∏–µ –Ω–∞ –∫–≤–∞–¥—Ä–æ—Ü–∏–∫–ª–∞—Ö,"–¢—É—Ä—ã –Ω–∞ –ø–æ–ª–Ω–æ–ø—Ä–∏–≤–æ–¥–Ω—ã—Ö –∞–≤—Ç–æ–º–æ–±–∏–ª—è—Ö, –≤–Ω–µ–¥–æ—Ä–æ–∂–Ω–∏–∫–∞—Ö –∏ –∞–≤—Ç–æ–º–æ–±–∏–ª—è—Ö –ø–æ–≤—ã—à–µ–Ω–Ω–æ–π –ø—Ä–æ—Ö–æ–¥–∏–º–æ—Å—Ç–∏",1.0,4.0,,,0.890909090909091,0.8018148820326679,–ö–≤–∞–¥—Ä–æ-–ö—É—Ç–æ–∫,"–†–æ—Å—Å–∏—è, –ö—Ä–∞—Å–Ω–æ–¥–∞—Ä—Å–∫–∏–π –∫—Ä–∞–π, –≥–æ—Ä–æ–¥—Å–∫–æ–π –æ–∫—Ä—É–≥ –ì–æ—Ä–æ–¥ –ê–Ω–∞–ø–∞, —Ö—É—Ç–æ—Ä –ù–∏–∂–Ω—è—è –ì–æ—Å—Ç–∞–≥–∞–π–∫–∞",45.038668,37.347063
https://www.tripadvisor.ru/Attraction_Review-g608960-d8043775-Reviews-Submarina-Anapa_Krasnodar_Krai_Southern_District.html,–±–∞—Ä—ã –∏ –∫–ª—É–±—ã,–°—É–±–º–∞—Ä–∏–Ω–∞,–ë–æ—É–ª–∏–Ω–≥,6.0,3.0,0.0,,0.6618556701030929,0.6108892921960073,–°—É–±–º–∞—Ä–∏–Ω–∞,"—É–ª. –®–µ–≤—á–µ–Ω–∫–æ, 24, –ê–Ω–∞–ø–∞",44.888694,37.311759
https://www.tripadvisor.ru/Attraction_Review-g608960-d7264224-Reviews-Racetrack_Formula_1-Anapa_Krasnodar_Krai_Southern_District.html,–±–∞—Ä—ã –∏ –∫–ª—É–±—ã,–ê–≤—Ç–æ—Ç—Ä–µ–∫ –§–æ—Ä–º—É–ª–∞-1,–ò–≥—Ä–æ–≤—ã–µ –∏ —Ä–∞–∑–≤–ª–µ–∫–∞—Ç–µ–ª—å–Ω—ã–µ —Ü–µ–Ω—Ç—Ä—ã,13.0,3.5,3.0,,0.8697349042709868,0.7318579292345998,–§–æ—Ä–º—É–ª–∞ 1,"–†–æ—Å—Å–∏—è, –ö—Ä–∞—Å–Ω–æ–¥–∞—Ä—Å–∫–∏–π –∫—Ä–∞–π, –ê–Ω–∞–ø–∞, –ø–∞—Ä–∫ 30 –ª–µ—Ç –ü–æ–±–µ–¥—ã",44.896295,37.315267
https://www.tripadvisor.ru/Attraction_Review-g608960-d10154013-Reviews-Wine_Club_Hello_Vino-Anapa_Krasnodar_Krai_Southern_District.html,–±–∞—Ä—ã –∏ –∫–ª—É–±—ã,–í–∏–Ω–Ω—ã–π –∫–ª—É–± Hello Vino,–í–∏–Ω–Ω—ã–µ —Ç—É—Ä—ã –∏ –¥–µ–≥—É—Å—Ç–∞—Ü–∏–∏ ,3.0,3.5,,,0.7309278350515465,0.7054446460980037,La Cave,"—É–ª. –ö–∞—Ä–ª–∞ –ú–∞—Ä–∫—Å–∞, 41/1",52.288455,104.292469
https://www.tripadvisor.ru/Attraction_Review-g608960-d15114104-Reviews-Dom_Vverkh_Dnom-Anapa_Krasnodar_Krai_Southern_District.html,—ç–∫—Å–∫—É—Ä—Å–∏–∏ –∏ –º–∞—Å—Ç–µ—Ä-–∫–ª–∞—Å—Å—ã,–î–æ–º –í–≤–µ—Ä—Ö –î–Ω–æ–º,–ö—É–ª—å—Ç—É—Ä–Ω—ã–µ –æ–±—ä–µ–∫—Ç—ã –∏ –¥–æ—Å—Ç–æ–ø—Ä–∏–º–µ—á–∞—Ç–µ–ª—å–Ω–æ—Å—Ç–∏,2.0,3.0,5.0,,1.781818181818182,0.6174038687485315,–î–æ–º –≤–≤–µ—Ä—Ö –¥–Ω–æ–º,"—É–ª. –ì–æ—Ä—å–∫–æ–≥–æ, 5–ê, –ê–Ω–∞–ø–∞",44.896972,37.317412
https://www.tripadvisor.ru/Attraction_Review-g608960-d14984386-Reviews-5_HT_Wellness_Club-Anapa_Krasnodar_Krai_Southern_District.html,–±–∞—Ä—ã –∏ –∫–ª—É–±—ã,–í–µ–ª–Ω–µ—Å –∫–ª—É–± 5-HT,–û–∑–¥–æ—Ä–æ–≤–∏—Ç–µ–ª—å–Ω—ã–µ –∫–ª—É–±—ã ‚Ä¢ –ô–æ–≥–∞ –∏ –ø–∏–ª–∞—Ç–µ—Å,4.0,3.0,25.0,,0.9388561610211096,0.6761300515466496,–í–µ–ª–Ω–µ—Å –∫–ª—É–± –°–µ—Ä–æ—Ç–æ–Ω–∏–Ω,"—É–ª. –õ–µ–Ω–∏–Ω–∞, 3, –ê–Ω–∞–ø–∞",44.896501,37.306287
https://www.tripadvisor.ru/Attraction_Review-g608960-d23277139-Reviews-Excursions_in_Anapa-Anapa_Krasnodar_Krai_Southern_District.html,—ç–∫—Å–∫—É—Ä—Å–∏–∏ –∏ –º–∞—Å—Ç–µ—Ä-–∫–ª–∞—Å—Å—ã,–≠–∫—Å–∫—É—Ä—Å–∏–∏ –≤ –ê–Ω–∞–ø–µ,–≠–∫—Å–∫—É—Ä—Å–∏–∏ –ø–æ –≥–æ—Ä–æ–¥—É ‚Ä¢ –û–±–∑–æ—Ä–Ω—ã–µ —ç–∫—Å–∫—É—Ä—Å–∏–∏,2.0,3.0,,,0.781818181818182,0.6036297640653359,–ö—Ä—É–∏–∑,"–¢–µ—Ä—Å–∫–∞—è —É–ª., 40, –ê–Ω–∞–ø–∞",44.891121,37.309486
https://www.tripadvisor.ru/Attraction_Review-g608960-d23277139-Reviews-Excursions_in_Anapa-Anapa_Krasnodar_Krai_Southern_District.html,—ç–∫—Å–∫—É—Ä—Å–∏–∏ –∏ –º–∞—Å—Ç–µ—Ä-–∫–ª–∞—Å—Å—ã,–≠–∫—Å–∫—É—Ä—Å–∏–∏ –≤ –ê–Ω–∞–ø–µ,–≠–∫—Å–∫—É—Ä—Å–∏–∏ –ø–æ –≥–æ—Ä–æ–¥—É ‚Ä¢ –û–±–∑–æ—Ä–Ω—ã–µ —ç–∫—Å–∫—É—Ä—Å–∏–∏,2.0,3.0,,,0.781818181818182,0.6036297640653359,–ö—Ä—É–∏–∑,"–¢–µ—Ä—Å–∫–∞—è —É–ª., 40, –ê–Ω–∞–ø–∞",44.891121,37.309486
https://www.tripadvisor.ru/Attraction_Review-g608960-d21008595-Reviews-Excursions_in_Anapa-Anapa_Krasnodar_Krai_Southern_District.html,—ç–∫—Å–∫—É—Ä—Å–∏–∏ –∏ –º–∞—Å—Ç–µ—Ä-–∫–ª–∞—Å—Å—ã,–≠–∫—Å–∫—É—Ä—Å–∏–∏ –≤ –ê–Ω–∞–ø–µ,–≠–∫—Å–∫—É—Ä—Å–∏–∏ –ø–æ –≥–æ—Ä–æ–¥—É ‚Ä¢ –ü–µ—à–µ—Ö–æ–¥–Ω—ã–µ —ç–∫—Å–∫—É—Ä—Å–∏–∏,,,,,0.0,0.0,–ö—Ä—É–∏–∑,"–¢–µ—Ä—Å–∫–∞—è —É–ª., 40, –ê–Ω–∞–ø–∞",44.891121,37.309486
https://www.tripadvisor.ru/Attraction_Review-g608960-d21008595-Reviews-Excursions_in_Anapa-Anapa_Krasnodar_Krai_Southern_District.html,—ç–∫—Å–∫—É—Ä—Å–∏–∏ –∏ –º–∞—Å—Ç–µ—Ä-–∫–ª–∞—Å—Å—ã,–≠–∫—Å–∫—É—Ä—Å–∏–∏ –≤ –ê–Ω–∞–ø–µ,–≠–∫—Å–∫—É—Ä—Å–∏–∏ –ø–æ –≥–æ—Ä–æ–¥—É ‚Ä¢ –ü–µ—à–µ—Ö–æ–¥–Ω—ã–µ —ç–∫—Å–∫—É—Ä—Å–∏–∏,,,,,0.0,0.0,–ö—Ä—É–∏–∑,"–¢–µ—Ä—Å–∫–∞—è —É–ª., 40, –ê–Ω–∞–ø–∞",44.891121,37.309486
https://www.tripadvisor.ru/Attraction_Review-g608960-d11890288-Reviews-The_Best_Tours_in_Anapa-Anapa_Krasnodar_Krai_Southern_District.html,—ç–∫—Å–∫—É—Ä—Å–∏–∏ –∏ –º–∞—Å—Ç–µ—Ä-–∫–ª–∞—Å—Å—ã,–õ—É—á—à–∏–µ —ç–∫—Å–∫—É—Ä—Å–∏–∏ –≤ –ê–Ω–∞–ø–µ,–≠–∫—Å–∫—É—Ä—Å–∏–∏ –ø–æ –≥–æ—Ä–æ–¥—É ‚Ä¢ –û–±–∑–æ—Ä–Ω—ã–µ —ç–∫—Å–∫—É—Ä—Å–∏–∏,3.0,3.0,,,0.8727272727272728,0.6054446460980037,–ö—Ä—É–∏–∑,"–¢–µ—Ä—Å–∫–∞—è —É–ª., 40, –ê–Ω–∞–ø–∞",44.891121,37.309486
https://www.tripadvisor.ru/Attraction_Review-g608960-d19389510-Reviews-Anapa_Okean-Anapa_Krasnodar_Krai_Southern_District.html,–∫—É–ª—å—Ç—É—Ä–Ω—ã–µ –∏–Ω—Å—Ç–∏—Ç—É—Ü–∏–∏,–ê–Ω–∞–ø–∞-–û–∫–µ–∞–Ω,–¢–µ–∞—Ç—Ä—ã,1.0,2.0,1.0,,0.4080626845332727,0.404569702969307,–ê–Ω–∞–ø–∞-–û–∫–µ–∞–Ω,"—É–ª. –õ–µ–Ω–∏–Ω–∞, 3, –ê–Ω–∞–ø–∞",44.896591,37.306642
https://www.tripadvisor.ru/Attraction_Review-g608960-d12485993-Reviews-Diving_with_Dolphins-Anapa_Krasnodar_Krai_Southern_District.html,—ç–∫—Å–∫—É—Ä—Å–∏–∏ –∏ –º–∞—Å—Ç–µ—Ä-–∫–ª–∞—Å—Å—ã,–î–∞–π–≤–∏–Ω–≥ —Å –¥–µ–ª—å—Ñ–∏–Ω–∞–º–∏,–î–∞–π–≤–∏–Ω–≥ –∏ —Å–Ω–æ—Ä–∫–ª–∏–Ω–≥ ‚Ä¢ –ü–ª–∞–≤–∞–Ω–∏–µ —Å –¥–µ–ª—å—Ñ–∏–Ω–∞–º–∏,,,,,0.0,0.0,–ù–µ–º–æ,"–ü–∏–æ–Ω–µ—Ä—Å–∫–∏–π –ø—Ä–æ—Å–ø., 20–ê/6, –ê–Ω–∞–ø–∞",44.923913,37.320509
https://www.tripadvisor.ru/Attraction_Review-g608960-d12181905-Reviews-Lounge_Bar_Cherdak-Anapa_Krasnodar_Krai_Southern_District.html,–±–∞—Ä—ã –∏ –∫–ª—É–±—ã,Lounge Bar Cherdak,–ë–∞—Ä—ã –∏ –∫–ª—É–±—ã,,,,,0.0,0.0,–ß–µ—Ä–¥–∞–∫,"–ü—Ä–æ–º—ã—à–ª–µ–Ω–Ω–∞—è —É–ª., 11–ê, –ê–Ω–∞–ø–∞",44.881848,37.327551
https://www.tripadvisor.ru/Attraction_Review-g608960-d13289945-Reviews-Kite_Club_Vesyoly_Veter-Anapa_Krasnodar_Krai_Southern_District.html,—ç–∫—Å–∫—É—Ä—Å–∏–∏ –∏ –º–∞—Å—Ç–µ—Ä-–∫–ª–∞—Å—Å—ã,"–ö–∞–π—Ç K–ª—É–± ""–í–µ—Å–µ–ª—ã–π B–µ—Ç–µ—Ä""",–°–µ—Ä—Ñ–∏–Ω–≥ –∏ –≤–∏–Ω–¥—Å–µ—Ä—Ñ–∏–Ω–≥,,,,,0.0,0.0,–ö–∞–π—Ç –∫–ª—É–± –í–µ—Å—ë–ª—ã–π –í–µ—Ç–µ—Ä,"–†–æ—Å—Å–∏—è, –ö—Ä–∞—Å–Ω–æ–¥–∞—Ä—Å–∫–∏–π –∫—Ä–∞–π, –ë—É–≥–∞–∑—Å–∫–∞—è –∫–æ—Å–∞",45.073577,37.006347
https://www.tripadvisor.ru/Attraction_Review-g608960-d13172074-Reviews-F_Lounge-Anapa_Krasnodar_Krai_Southern_District.html,–±–∞—Ä—ã –∏ –∫–ª—É–±—ã,F Lounge,–°–∏–≥–∞—Ä–Ω—ã–µ –±–∞—Ä—ã,,,,,0.0,0.0,F lounge,"–ê–Ω–∞–ø—Å–∫–æ–µ —à., 105–ë, –º–∏–∫—Ä–æ—Ä–∞–π–æ–Ω –ê–ª–µ–∫—Å–µ–µ–≤–∫–∞, –ê–Ω–∞–ø–∞",44.899805,37.367113
https://www.tripadvisor.ru/Attraction_Review-g608960-d17492572-Reviews-Art_Anapa-Anapa_Krasnodar_Krai_Southern_District.html,–∫—É–ª—å—Ç—É—Ä–Ω—ã–µ –∏–Ω—Å—Ç–∏—Ç—É—Ü–∏–∏,–ê—Ä—Ç-–ê–Ω–∞–ø–∞,–•—É–¥–æ–∂–µ—Å—Ç–≤–µ–Ω–Ω—ã–µ –≥–∞–ª–µ—Ä–µ–∏,,,,,0.0,0.0,–ê—Ä—Ç-–ê–Ω–∞–ø–∞,"–ü–∞—Ä–∫–æ–≤–∞—è —É–ª., 60, –∫–æ—Ä–ø. 1, –ê–Ω–∞–ø–∞",44.89056,37.336801
https://www.tripadvisor.ru/Attraction_Review-g608960-d17733899-Reviews-Manta_Sup_Surfing-Anapa_Krasnodar_Krai_Southern_District.html,—ç–∫—Å–∫—É—Ä—Å–∏–∏ –∏ –º–∞—Å—Ç–µ—Ä-–∫–ª–∞—Å—Å—ã,Manta Sup Surfing,–ö–∞—Ç–∞–Ω–∏–µ –Ω–∞ –¥–æ—Å–∫–µ —Å –≤–µ—Å–ª–æ–º,,,,,0.0,0.0,Manta Sup Surfing,"–†–æ—Å—Å–∏—è, –ö—Ä–∞—Å–Ω–æ–¥–∞—Ä—Å–∫–∏–π –∫—Ä–∞–π, –ê–Ω–∞–ø–∞, –ú–∞–ª–∞—è –±—É—Ö—Ç–∞",44.892632,37.296857
https://www.tripadvisor.ru/Attraction_Review-g608960-d21245352-Reviews-Bar_KRAFT-Anapa_Krasnodar_Krai_Southern_District.html,–±–∞—Ä—ã –∏ –∫–ª—É–±—ã,–ë–∞—Ä –ö–†–ê–§–¢,–ë–∞—Ä—ã –∏ –∫–ª—É–±—ã,,,,,0.0,0.0,–ö—Ä–∞—Ñ—Ç,"–ö—Ä–∞—Å–Ω–æ–¥–∞—Ä—Å–∫–∞—è —É–ª., 64–ë, –∫–æ—Ä–ø. 1, –ê–Ω–∞–ø–∞",44.887416,37.325162
https://www.tripadvisor.ru/Attraction_Review-g608960-d21235905-Reviews-Skver_Imeni_Gudovicha-Anapa_Krasnodar_Krai_Southern_District.html,–∑–µ–ª–µ–Ω—ã–µ –∑–æ–Ω—ã,–°–∫–≤–µ—Ä –ò–º–µ–Ω–∏ –ì—É–¥–æ–≤–∏—á–∞,–ü–∞—Ä–∫–∏,,,,,0.0,0.0,–°–∫–≤–µ—Ä –ì—É–¥–æ–≤–∏—á–∞,"–ø–µ—Ä. 8 –ú–∞—Ä—Ç–∞, 6, –ê–Ω–∞–ø–∞",44.888081,37.30128
https://www.tripadvisor.ru/Attraction_Review-g608960-d21170357-Reviews-Olimpiyets_Statue-Anapa_Krasnodar_Krai_Southern_District.html,–¥–æ—Å—Ç–æ–ø—Ä–∏–º–µ—á–∞—Ç–µ–ª—å–Ω–æ—Å—Ç–∏,–°—Ç–∞—Ç—É—è –û–ª–∏–º–ø–∏–π—Ü–∞,–ü–∞–º—è—Ç–Ω–∏–∫–∏ –∏ —Å—Ç–∞—Ç—É–∏,,,,,0.0,0.0,–û—Ç–¥—ã—Ö–∞—é—â–µ–º—É,"–ù–∞–±–µ—Ä–µ–∂–Ω–∞—è —É–ª., 80, –ê–Ω–∞–ø–∞",44.905097,37.319698
https://www.tripadvisor.ru/Attraction_Review-g608960-d23124175-Reviews-Magnolia-Anapa_Krasnodar_Krai_Southern_District.html,–±–∞—Ä—ã –∏ –∫–ª—É–±—ã,–ú–∞–≥–Ω–æ–ª–∏—è,–°–ø–∞,,,,,0.0,0.0,–ú–∞–≥–Ω–æ–ª–∏—è,"–°–µ–≤–µ—Ä–Ω–∞—è —É–ª., 39, –ê–Ω–∞–ø–∞",44.903607,37.32901
https://www.tripadvisor.ru/Attraction_Review-g608960-d22905429-Reviews-Ruki_Ruki_Pottery_Studio-Anapa_Krasnodar_Krai_Southern_District.html,—ç–∫—Å–∫—É—Ä—Å–∏–∏ –∏ –º–∞—Å—Ç–µ—Ä-–∫–ª–∞—Å—Å—ã,–ì–æ–Ω—á–∞—Ä–Ω–∞—è –º–∞—Å—Ç–µ—Ä—Å–∫–∞—è –†–£–ö–ò RUKI,–•—É–¥–æ–∂–µ—Å—Ç–≤–µ–Ω–Ω—ã–µ —Å—Ç—É–¥–∏–∏ –∏ –≥–æ–Ω—á–∞—Ä–Ω—ã–µ –º–∞—Å—Ç–µ—Ä—Å–∫–∏–µ,,,1.0,,0.2,0.0027548209366391,–ì–æ–Ω—á–∞—Ä–Ω–∞—è –º–∞—Å—Ç–µ—Ä—Å–∫–∞—è –†—É–∫–∏ Ruki,"–Ω–∞–±. –û–±–≤–æ–¥–Ω–æ–≥–æ –∫–∞–Ω–∞–ª–∞, 80, –°–∞–Ω–∫—Ç-–ü–µ—Ç–µ—Ä–±—É—Ä–≥",59.909509,30.324839
https://www.tripadvisor.ru/Attraction_Review-g608960-d17778539-Reviews-Dino_Park_Rex-Anapa_Krasnodar_Krai_Southern_District.html,—Ç–µ–º–∞—Ç–∏—á–µ—Å–∫–∏–µ –ø–∞—Ä–∫–∏,"–î–∏–Ω–æ –ü–∞—Ä–∫ ""–†—ç–∫—Å""",–ò–≥—Ä–æ–≤—ã–µ –∏ —Ä–∞–∑–≤–ª–µ–∫–∞—Ç–µ–ª—å–Ω—ã–µ —Ü–µ–Ω—Ç—Ä—ã,,,,,0.0,0.0,–î–∏–Ω–æ–ü–∞—Ä–∫ –ó–∞–∫—Ä—ã–ª—Å—è,"–ù–∞–±–µ—Ä–µ–∂–Ω–∞—è —É–ª., 62, –ê–Ω–∞–ø–∞",44.903616,37.319062
https://www.tripadvisor.ru/Attraction_Review-g608960-d18902428-Reviews-Semigorye-Anapa_Krasnodar_Krai_Southern_District.html,—ç–∫—Å–∫—É—Ä—Å–∏–∏ –∏ –º–∞—Å—Ç–µ—Ä-–∫–ª–∞—Å—Å—ã,–°–µ–º–∏–≥–æ—Ä—å–µ,–í–∏–Ω–æ–¥–µ–ª—å–Ω–∏ –∏ –≤–∏–Ω–æ–≥—Ä–∞–¥–Ω–∏–∫–∏,,,,,0.0,0.0,–£—Å–∞–¥—å–±–∞ –°–µ–º–∏–≥–æ—Ä—å–µ,"–†–æ—Å—Å–∏—è, –ö—Ä–∞—Å–Ω–æ–¥–∞—Ä—Å–∫–∏–π –∫—Ä–∞–π, –≥–æ—Ä–æ–¥—Å–∫–æ–π –æ–∫—Ä—É–≥ –ù–æ–≤–æ—Ä–æ—Å—Å–∏–π—Å–∫, –ê-290, 24-–π –∫–∏–ª–æ–º–µ—Ç—Ä, 2",44.890368,37.614701
